"Package","Version"
"abind","1.4-8"
"alluvial","0.1-2"
"annotate","1.88.0"
"AnnotationDbi","1.72.0"
"ape","5.8-1"
"argparse","2.3.1"
"AsioHeaders","1.30.2-1"
"askpass","1.2.1"
"assertthat","0.2.1"
"assorthead","1.4.0"
"AUCell","1.32.0"
"av","0.9.6"
"babelgene","22.9"
"babynames","1.0.1"
"backports","1.5.1"
"base","4.5.2"
"base64enc","0.1-6"
"batchelor","1.26.0"
"bbmle","1.0.25.1"
"bbotk","1.12.0"
"bdsmatrix","1.3-7"
"beachmat","2.26.0"
"beanplot","1.3.1"
"bench","1.1.4"
"bezier","1.1.2"
"BH","1.90.0-1"
"bigD","0.3.1"
"bigmemory","4.6.6"
"bigmemory.sri","0.1.8"
"Biobase","2.70.0"
"BiocFileCache","3.0.0"
"BiocGenerics","0.56.0"
"BiocIO","1.20.0"
"BiocManager","1.30.27"
"BiocNeighbors","2.4.0"
"BiocParallel","1.44.0"
"BiocSingular","1.26.1"
"BiocVersion","3.22.0"
"Biostrings","2.78.0"
"bit","4.6.0"
"bit64","4.8.4"
"bitops","1.1-0"
"blob","1.3.0"
"bookdown","0.47"
"boot","1.3-32"
"brew","1.0-10"
"brio","1.1.5"
"broom","1.0.13"
"bsicons","0.1.2"
"bslib","0.12.0"
"cachem","1.1.0"
"Cairo","1.7-0"
"callr","3.8.0"
"car","3.1-5"
"carData","3.0-6"
"cards","0.9.0"
"cardx","0.3.4"
"caret","7.0-1"
"caTools","1.18.4"
"CellChat","2.2.0.9001"
"cellranger","1.1.0"
"checkmate","2.3.4"
"chromote","0.5.1"
"cigarillo","1.0.0"
"circlize","0.4.18"
"class","7.3-23"
"classInt","0.4-11"
"cli","3.6.6"
"clipr","0.8.1"
"clock","0.7.4"
"clue","0.3-68"
"cluster","2.1.8.1"
"cmprsk","2.2-12"
"coda","0.19-4.1"
"codetools","0.2-20"
"coin","1.4-5"
"collapse","2.1.7"
"colorspace","2.1-3"
"commonmark","2.0.0"
"compiler","4.5.2"
"ComplexHeatmap","2.26.1"
"conflicted","1.2.0"
"copykat","1.1.0"
"corpcor","1.6.10"
"corrplot","0.95"
"countrycode","1.9.0"
"covr","3.6.5"
"cowplot","1.2.0"
"cpp11","0.5.5"
"crayon","1.5.3"
"credentials","2.0.3"
"crosstalk","1.2.2"
"curl","7.1.0"
"data.table","1.18.6.1"
"datasets","4.5.2"
"DBI","1.3.0"
"dbplyr","2.6.0"
"dcurves","0.5.1"
"decor","1.0.2"
"DelayedArray","0.36.1"
"DelayedMatrixStats","1.32.0"
"deldir","2.0-4"
"dendextend","1.19.1"
"DEoptimR","1.2-1"
"Deriv","4.3.0"
"desc","1.4.3"
"DESeq2","1.50.2"
"deSolve","1.42"
"devtools","2.5.2"
"diagram","1.6.5"
"DiagrammeR","1.0.12"
"DiagrammeRsvg","0.1"
"dichromat","2.0-1"
"diffobj","0.3.8"
"digest","0.6.39"
"dlm","1.1-6.1"
"doBy","4.7.2"
"doMPI","0.2.2"
"doParallel","1.0.17"
"dotCall64","1.2"
"DoubletFinder","2.0.6"
"downlit","0.4.5"
"dplyr","1.2.1"
"dqrng","0.4.1"
"dtplyr","1.3.3"
"dynamicTreeCut","1.63-1"
"e1071","1.7-17"
"edgeR","4.8.2"
"ellipsis","0.3.3"
"emmeans","2.0.4"
"estimability","2.0.0"
"estimate","1.0.13"
"evaluate","1.0.5"
"exactRankTests","0.8-37"
"fansi","1.0.7"
"farver","2.1.2"
"fastcluster","1.3.0"
"fastDummies","1.7.6"
"fastGHQuad","1.0.1"
"fastICA","1.2-8"
"fastmap","1.2.0"
"fastmatch","1.1-8"
"fgsea","1.36.2"
"fields","17.3"
"filelock","1.0.3"
"findpython","1.0.9"
"fitdistrplus","1.2-6"
"flexsurv","2.3.2"
"FNN","1.1.4.1"
"fontawesome","0.5.3"
"fontBitstreamVera","0.1.1"
"fontLiberation","0.1.0"
"fontquiver","0.2.1"
"forcats","1.0.1"
"foreach","1.5.2"
"forecast","9.0.2"
"foreign","0.8-90"
"formatR","1.14"
"formattable","0.2.1"
"Formula","1.2-6"
"formula.tools","1.7.1"
"fracdiff","1.5-4"
"fs","2.1.0"
"futile.logger","1.4.9"
"futile.options","1.0.1"
"future","1.75.0"
"future.apply","1.20.2"
"gapminder","1.0.1"
"gargle","1.6.1"
"gdata","3.0.1"
"genefilter","1.92.0"
"generics","0.1.4"
"GenomeInfoDb","1.46.2"
"GenomicAlignments","1.46.0"
"GenomicFeatures","1.62.0"
"GenomicRanges","1.62.1"
"GEOquery","2.78.0"
"gert","2.4.1"
"GetoptLong","1.1.1"
"gg.gap","1.3"
"ggalluvial","0.12.6"
"ggfittext","0.10.4"
"ggforce","0.5.0"
"ggnetwork","0.5.14"
"ggplot2","4.0.3"
"ggplot2movies","0.0.1"
"ggplotify","0.1.3"
"ggpubr","1.0.0"
"ggraph","2.2.2"
"ggrepel","0.9.8"
"ggridges","0.5.7"
"ggsci","5.2.0"
"ggsignif","0.6.4"
"ggtext","0.1.2"
"gh","1.6.1"
"gifski","1.32.0-2"
"gitcreds","0.1.2"
"glmnet","5.0"
"GlobalOptions","0.1.4"
"globals","0.19.1"
"glue","1.8.0"
"gmodels","2.19.1"
"goftest","1.2-3"
"googledrive","2.1.2"
"googlesheets4","1.1.2"
"gower","1.0.2"
"GPArotation","2026.8-1"
"gplots","3.3.0"
"graph","1.88.1"
"graphics","4.5.2"
"graphlayouts","1.2.5"
"grDevices","4.5.2"
"grid","4.5.2"
"gridBase","0.4-7"
"gridExtra","2.3.1"
"gridGraphics","0.5-1"
"gridtext","0.1.6"
"GSEABase","1.72.0"
"GSVA","2.4.9"
"gt","1.3.0"
"gtable","0.3.6"
"gtools","3.9.5"
"gtsummary","2.5.1"
"h5mread","1.2.1"
"hardhat","1.4.3"
"harmony","2.0.5"
"haven","2.5.5"
"HDF5Array","1.38.0"
"hdf5r","1.3.12"
"here","1.0.2"
"hexbin","1.28.6"
"HiddenMarkov","1.8-14"
"highr","0.12"
"Hmisc","5.2-6"
"hms","1.1.4"
"htmlTable","2.5.0"
"htmltools","0.5.9"
"htmlwidgets","1.6.4"
"httpuv","1.6.17"
"httr","1.4.8"
"httr2","1.3.0"
"hunspell","3.0.6"
"ica","1.0-3"
"ids","1.0.1"
"ieugwasr","1.1.0.9000"
"igraph","2.3.3"
"igraphdata","1.0.1"
"infercnv","1.26.0"
"ini","0.3.1"
"inline","0.3.21"
"ipred","0.9-15"
"IRanges","2.44.0"
"IRdisplay","1.1"
"irlba","2.3.7"
"isoband","0.3.0"
"iterators","1.0.14"
"janitor","2.2.1"
"jomo","2.7-6"
"jose","2.0.0"
"jpeg","0.1-11"
"jquerylib","0.1.4"
"jsonlite","2.0.0"
"juicyjuice","0.1.0"
"KEGGREST","1.50.0"
"kernlab","0.9-33"
"KernSmooth","2.23-26"
"knitr","1.51"
"labeling","0.4.3"
"labelled","2.16.1"
"laeken","0.5.3"
"Lahman","14.0-0"
"lambda.r","1.2.4"
"later","1.4.8"
"lattice","0.22-7"
"lava","1.9.3"
"lazyeval","0.2.3"
"lgr","0.5.2"
"libcoin","1.0-13"
"lifecycle","1.0.5"
"limma","3.66.0"
"listenv","1.0.0"
"litedown","0.10"
"lme4","2.0-6"
"lmtest","0.9-40"
"lobstr","1.2.1"
"locfit","1.5-9.12"
"logistf","1.26.1"
"lsoda","1.2"
"lubridate","1.9.5"
"magick","2.9.1"
"magrittr","2.0.4"
"mapproj","1.2.12"
"maps","3.4.3"
"markdown","2.0"
"MASS","7.3-65"
"Matrix","1.7-6"
"Matrix","1.7-4"
"MatrixGenerics","1.22.0"
"MatrixModels","0.5-4"
"matrixStats","1.5.0"
"maxstat","0.7-26"
"mcmc","0.9-8"
"MCMCpack","1.7-1"
"MCPcounter","1.2.0"
"memoise","2.0.1"
"memuse","4.2-3"
"methods","4.5.2"
"mgcv","1.9-3"
"mice","3.19.0"
"microbenchmark","1.5.0"
"mime","0.13"
"miniUI","0.1.2"
"minqa","1.2.8"
"mirai","2.7.2"
"mitml","0.4-5"
"mitools","2.4"
"mixtools","2.0.0.1"
"mlbench","2.1-11"
"mlr3","1.8.0"
"mlr3learners","0.15.1"
"mlr3measures","1.3.0"
"mlr3misc","0.23.0"
"mlr3pipelines","0.11.0"
"mlr3tuning","1.6.1"
"mnormt","2.1.2"
"ModelMetrics","1.2.2.2"
"modelr","0.1.11"
"modeltools","0.2-24"
"moocore","0.3.2"
"MRMix","0.1.0"
"MRPRESSO","1.0"
"msigdbr","26.1.1"
"mstate","0.3.3"
"muhaz","1.2.6.5"
"multcomp","1.4-32"
"munsell","0.5.1"
"mvtnorm","1.4-2"
"nanonext","1.10.2"
"network","1.20.0"
"nhanesA","1.4.1"
"nlme","3.1-168"
"nloptr","2.2.1"
"NMF","0.28"
"nnet","7.3-20"
"nortest","1.0-4"
"numDeriv","2016.8-1.1"
"nycflights13","1.0.2"
"openssl","2.4.2"
"openxlsx","4.2.8.1"
"operator.tools","1.6.3.1"
"ordinal","2026.7-26"
"org.Hs.eg.db","3.22.0"
"org.Mm.eg.db","3.22.0"
"otel","0.2.0"
"packrat","0.9.3"
"pacman","0.5.1"
"pak","0.11.1"
"palmerpenguins","0.1.1"
"pan","2.0"
"pander","0.6.6"
"paradox","1.0.1"
"parallel","4.5.2"
"parallelDist","0.2.7"
"parallelly","1.48.0"
"PASWR","1.3"
"patchwork","1.3.2"
"pbapply","1.7-4"
"pbkrtest","0.5.5"
"pdftools","3.9.0"
"pheatmap","1.0.13"
"phyclust","0.1-34"
"pillar","1.11.1"
"pkgbuild","1.4.8"
"pkgconfig","2.0.3"
"pkgdown","2.2.1"
"pkgKitten","0.2.4"
"pkgload","1.5.3"
"PKI","0.1-15"
"plotly","4.12.1"
"plyr","1.8.9"
"png","0.1-9"
"polspline","1.1.25"
"polyclip","1.10-7"
"polynom","1.4-1"
"praise","1.0.0"
"presto","1.1.0"
"prettyunits","1.2.0"
"pROC","1.19.0.1"
"processx","3.9.0"
"prodlim","2026.03.11"
"profmem","0.7.0"
"profvis","0.4.0"
"progress","1.2.3"
"progressr","1.0.0"
"promises","1.5.0"
"proxy","0.4-29"
"PRROC","1.4"
"ps","1.9.3"
"psych","2.6.5"
"purrr","1.2.1"
"qpdf","1.4.1"
"quadprog","1.5-8"
"quantreg","6.1"
"quarto","1.5.1"
"R.cache","0.17.0"
"R.methodsS3","1.8.2"
"R.oo","1.27.1"
"R.rsp","0.46.0"
"R.utils","2.13.0"
"R6","2.6.1"
"RadialMR","1.2.4"
"ragg","1.5.2"
"randomForest","4.7-1.2"
"ranger","0.18.0"
"RANN","2.6.2"
"rappdirs","0.3.4"
"rbenchmark","1.0.1"
"rbibutils","2.4.1"
"rcmdcheck","1.4.0"
"RColorBrewer","1.1-3"
"Rcpp","1.1.2"
"RcppAnnoy","0.0.23"
"RcppArmadillo","15.4.2-1"
"RcppEigen","0.3.4.0.2"
"RcppHNSW","0.7.0"
"RcppParallel","6.2.0"
"RcppProgress","0.4.2"
"RcppTOML","0.2.3"
"RCurl","1.98-1.20"
"Rdpack","2.6.6"
"rdtools","0.1.0"
"reactable","0.4.5"
"reactR","0.6.1"
"readr","2.2.0"
"readxl","1.5.0"
"recipes","1.3.3"
"reformulas","0.4.4"
"registry","0.5-1"
"regplot","1.1"
"rematch","2.0.0"
"rematch2","2.1.2"
"remotes","2.5.0"
"rentrez","1.2.4"
"renv","1.2.4"
"repr","1.1.7"
"reprex","2.1.1"
"repurrrsive","1.1.0"
"reshape","0.8.10"
"reshape2","1.4.5"
"ResidualMatrix","1.20.0"
"ResourceSelection","0.3-6"
"restfulr","0.0.17"
"reticulate","1.46.0"
"rex","1.2.2"
"rgl","1.3.36"
"rhdf5","2.54.1"
"rhdf5filters","1.22.0"
"Rhdf5lib","1.32.0"
"RhpcBLASctl","0.23-42"
"Rhtslib","3.6.0"
"rjags","4-17"
"rjson","0.2.23"
"rlang","1.3.0"
"rmarkdown","2.31"
"rmda","1.6"
"Rmpi","0.7-3.4"
"rms","8.1-1"
"rngtools","1.5.2"
"robustbase","0.99-7"
"ROCR","1.0-12"
"roxygen2","8.1.0"
"rpart","4.1.24"
"rprojroot","2.1.1"
"Rsamtools","2.26.0"
"rsconnect","1.10.1"
"RSpectra","0.16-2"
"RSQLite","3.53.3"
"rstatix","1.1.0"
"rstpm2","1.7.1"
"rstudioapi","0.19.0"
"rsvd","1.0.5"
"rsvg","2.7.0"
"rTensor","1.5.0"
"rtracklayer","1.70.1"
"Rtsne","0.17"
"RUnit","0.4.33.1"
"rversions","3.0.0"
"rvest","1.0.5"
"s2","1.1.11"
"S4Arrays","1.10.1"
"S4Vectors","0.48.1"
"S7","0.2.2"
"sandwich","3.1-3"
"sass","0.4.10"
"ScaledMatrix","1.18.0"
"scales","1.4.0"
"scattermore","1.2"
"scRank","1.0.0"
"sctransform","0.4.3"
"scuttle","1.20.0"
"segmented","2.2-1"
"selectr","0.6-0"
"Seqinfo","1.0.0"
"sessioninfo","1.2.4"
"Seurat","5.5.1"
"SeuratObject","5.4.0"
"sf","1.1-2"
"shades","1.5.0"
"shape","1.4.6.1"
"shiny","1.14.0"
"showtext","0.9-8"
"showtextdb","3.0"
"SingleCellExperiment","1.32.0"
"sitmo","2.0.2"
"sm","2.2-6.0"
"sna","2.8"
"snakecase","0.11.1"
"snow","0.4-4"
"snowflakeauth","0.2.2"
"sourcetools","0.1.7-2"
"sp","2.2-3"
"spam","2.11-4"
"SparseArray","1.10.10"
"SparseM","1.84-2"
"sparseMatrixStats","1.22.0"
"sparsevctrs","0.3.6"
"spatial","7.3-18"
"SpatialExperiment","1.20.0"
"spatstat.data","3.1-9"
"spatstat.explore","3.8-2"
"spatstat.geom","3.8-2"
"spatstat.random","3.5-1"
"spatstat.sparse","3.2-0"
"spatstat.univar","3.2-0"
"spatstat.utils","3.2-4"
"spData","2.3.5"
"spdep","1.4-2"
"spelling","2.3.2"
"splines","4.5.2"
"SQUAREM","2026.1"
"statmod","1.5.2"
"statnet.common","4.13.0"
"stats","4.5.2"
"stats4","4.5.2"
"stringi","1.8.9"
"stringr","1.6.0"
"SummarizedExperiment","1.40.0"
"survey","4.5"
"survival","3.8-3"
"survminer","0.5.2"
"sva","3.58.0"
"svglite","2.2.2"
"synapser","2.1.5.356"
"synchronicity","1.3.10"
"sys","3.4.3"
"sysfonts","0.8.9"
"systemfonts","1.3.2"
"table1","1.5.1"
"tableone","0.13.2"
"tcltk","4.5.2"
"tensor","1.5.1"
"tesseract","5.2.5"
"tester","0.3.0"
"testthat","3.3.2"
"textshaping","1.0.5"
"TH.data","1.1-5"
"tibble","3.3.1"
"tidygraph","1.3.1"
"tidyr","1.3.2"
"tidyselect","1.2.1"
"tidyverse","2.0.0"
"tiff","0.1-12"
"timechange","0.4.0"
"timeDate","4052.112"
"tinytest","1.4.3"
"tinytex","0.60"
"tools","4.5.2"
"translations","4.5.2"
"truncnorm","1.0-9"
"tweenr","2.0.3"
"TwoSampleMR","0.7.9"
"TxDb.Hsapiens.UCSC.hg38.knownGene","3.22.0"
"tzdb","0.5.0"
"ucminf","1.2.3"
"UCSC.utils","1.6.1"
"units","1.0-1"
"UpSetR","1.4.1"
"urca","1.3-4"
"urlchecker","2.0.0"
"usethis","3.2.1"
"utf8","1.2.6"
"utils","4.5.2"
"uuid","1.2-2"
"uwot","0.2.4"
"V8","8.2.0"
"vcd","1.4-14"
"vctrs","0.7.1"
"vdiffr","1.0.9"
"VennDiagram","1.8.2"
"VIM","7.0.0"
"vioplot","0.5.1"
"viridis","0.6.5"
"viridisLite","0.4.3"
"visNetwork","2.1.4"
"vroom","1.7.1"
"waldo","0.6.2"
"webp","1.3.0"
"webshot2","0.1.2"
"websocket","1.4.4"
"whisker","0.4.1"
"withr","3.0.3"
"wk","0.9.5"
"wordcloud","2.6"
"writexl","2.0.1"
"xfun","0.60"
"xgboost","3.2.1.1"
"XML","3.99-0.24"
"xml2","1.6.0"
"xopen","1.0.1"
"xtable","1.8-8"
"XVector","0.50.0"
"yaml","2.3.12"
"yulab.utils","0.2.5"
"zip","3.0.2"
"zoo","1.9-0"
