"file","sha256","size_bytes"
"CLEAN_WORKSPACE_READY_FOR_RUN.txt","9fa0be5c06638705de44d727eedb868b7a0f2176b37b2bd9dae1538982020562","676"
"INSTALLED_PACKAGES_BEFORE_RUN.csv","09831ee1989e603f77e487b4cc3a8ee2bf5725bb288575060f7b217a47eacac0","12418"
"REPOSITORY_SHA256_MANIFEST.csv","cb1a30e3ede63199270760c17679631393a3ac3a02331f7d64f25003987682a0","49981"
"REPRODUCTION_LOG_INDEX.csv","c6388772315c02659db56bd26c1934c7b486bf63bbc342eabd7142c730dc4340","3522"
"RUN_MANIFEST.csv","9225fd9d2afa4f647f413a091705fb4ee970b6e5de352e3476d4b49da1311551","39425"
"SCRIPT_SHA256.csv","fd4d02b598ad02f105ec8d0665b509aed80ace4cabf65508c23cdf9c55ba561b","16984"
"SESSIONINFO_INDEX.csv","aa7d12fd16d766d55417940afeafe56721fc112da878067caeefb22f92b10385","28800"
"script_execution_log\01_GSE244982_PASS.txt","d00ec1574fcc3c34211a3d338b23f9c26499dec9443428755a85a2c5d0aad0eb","367"
"script_execution_log\02_GSE78220_PASS.txt","28fd716bf069c195af7597450bc28094a6595bfdb3f4d7998702479dc4568117","343"
"script_execution_log\03_state_scoring_robustness_analysis_STATUS.txt","ec7ec39921e36187ae5ff5889d673e5785c19593f9df68103d9a45bb4e0c3fed","416"
"script_execution_log\04_GSE91061_state_scoring_response_analysis.txt","bde49d7896ea08a60972cb27a50d69bf757f2be9f5f16c6476367a98f4b81433","455"
"script_execution_log\05_bulk_response_sensitivity_analysis.txt","661bb606439da111e03de2df6197838504c27db087d971232a0da3b224d97840","736"
"script_execution_log\06_GSE244983_scRNA_preprocess_major_annotation.txt","852b5ccf9069b3b441c81d260679cc5be649722bf6335c9929f6069e7b5f6b79","1096"
"script_execution_log\07_GSE244983_scRNA_state_localization_source_attribution.txt","2c6501ec5905695ee2efd16c6f26c9c190c0be6c04a94739835d85f416f89d82","1871"
"script_execution_log\08b_GSE244983_malignant_subclustering_v1.4.2_FINAL.txt","c1c6c9cde0c1664974640ad79d1a6883b02eb124563c6c036cd945a65b9f1105","3069"
"script_execution_log\08_GSE244983_CAF_stromal_analysis.txt","d993d1a33a6eaa62ed2c299db5659fc23f6cf6a3919e2e7098dd27cc4cd67cb0","2701"
"script_execution_log\09A_GSE244983_doublet_CNV_sensitivity_execution.txt","c19e3518bb33853b82d1685f2f6b4d84c9d7cded9359d8aaa472cde4a17c711a","1891"
"script_execution_log\10_S20.txt","cb5e9bf486c9ef8c24b7cb61266464260cf8b4aee76ff2fec9f3e3db7f520f2c","2790"
"script_execution_log\11_CosMx.txt","84855f7d299a52d14588ec879befd63087697d3e270fd6eb350af1e3c6cfa66c","2123"
"script_execution_log\12_Primary_Visium FULL SEQUENTIAL REPRODUCTION.txt","c9fec1d212c66fbc146b5b434eef22917156c95e0abe69ef8807d1eeb1a33669","6424"
"script_execution_log\13_IF_mIF FULL SEQUENTIAL REPRODUCTION.txt","1eed940c8cd25c5d1f58cb197f4ee55c89d316500621b5988831b1505e036677","5919"
"script_execution_log\14_CellChat_LR FULL SEQUENTIAL REPRODUCTION.txt","98a994797c6e8e1961b93467a597f6d31ec0befbd273925c78fea5e7230e1aaa","6028"
"script_execution_log\15_Additional_robustness_FULL_SEQUENTIAL_REPRODUCTION_LOG.txt","9da45eeeddd972672c212ff98c30b94300ce00afb7c8c6ae0e1bac5d91e63c53","5122"
"script_execution_log\ALL_FIGURES_FULL_SEQUENTIAL_REPRODUCTION_LOG_FINAL.txt","0c11d9977e533f02f24ac6928b749dc7d58e82cba378d4623bddc1892ece52ad","6698"
"script_execution_log\ICBcomb_TRUE_CLEAN_RUN_LOG.txt","e9ffc8f38ec3fa8d3c3952e2b39ad6c6971eeaa8e7f27b081807863ec3982f20","2209"
"sessionInfo\sessionInfo_01_GSE244982_bulk_state_scoring.txt","95fdceaf85809b753a94496e50ce4dba2b55bbdf4bc7fb1aab013ee2ace66e26","1395"
"sessionInfo\sessionInfo_02_GSE78220_state_scoring_response_survival_analysis.txt","954fb624ac4862ac5e95e38b469f751dac58b9d968179d5ca5c5d4858b388cc4","1520"
"sessionInfo\sessionInfo_03_state_scoring_robustness_analysis.txt","344e1b8d183467380bb9d8aaba9df29efa430c145498f029d986a578908b9d64","3354"
"sessionInfo\sessionInfo_04_GSE91061_state_scoring_response_analysis.txt","0ceb7644cc5e200d06c4d6ef2ff7faa2a0a8725f8ad26e94787784a6226cc905","1477"
"sessionInfo\sessionInfo_05_bulk_response_sensitivity_analysis.txt","26237070059b41dc4f3548fca05e273ceb0bff41381f6f600d92fc0db8e90d8d","1178"
"sessionInfo\sessionInfo_06_GSE244983_scRNA_preprocess_major_annotation.txt","d537b49d7e1a16e0e3299fd1858ef3b9b7bdda62fc305744b281f620c3b52c85","3282"
"sessionInfo\sessionInfo_08_GSE244983_scRNA_state_localization_source_attribution.txt","601521030ee1b518ba9b8ad1142bf70bc1c797f7715d1581413a2122106896b5","3166"
"sessionInfo\sessionInfo_09_GSE244983_CAF_stromal_analysis.txt","601521030ee1b518ba9b8ad1142bf70bc1c797f7715d1581413a2122106896b5","3166"
"sessionInfo\sessionInfo_10_GSE244983_malignant_subclustering.txt","1f24c69b0d2f5131db07ddd25c9bb1db4800456105683791604c93a9def89453","3208"
"sessionInfo\sessionInfo_10_S20_full_sequential_reproduction.txt","2c6ea794479c33c4a2d65c2b1b0196cc96d82af68d60f99598505fd076559ff2","3965"
"sessionInfo\sessionInfo_11_CosMx_full_sequential_reproduction.txt","2ad46ad0a682ec92c5d29977d1023efbe3ae8d353767ee3e0e5c3b3e97f06c9d","3378"
"sessionInfo\sessionInfo_11_spatial_QC_Moran_colocalization.txt","efc264a1d3437ff5cd3af242f9128d67af6e931703170d469133f2547456cf8b","3505"
"sessionInfo\sessionInfo_12_Primary_Visium_full_sequential_reproduction.txt","c060f162e49b99198cfef2730b173ea7ea1edbba48d4d0f843aa18620e1a04a7","3597"
"sessionInfo\sessionInfo_13_IF_mIF_full_sequential_reproduction.txt","f77f1aa772834e009a1b23dca10d0e45bfb59a37cd8feecf30a7ce189bc7350b","4162"
"sessionInfo\sessionInfo_14_CellChat_LR_full_sequential_reproduction.txt","4365de5176a3fc4793a3a135ba2dac3199fcb6a460b7d9f8995f90a7d4181ac8","5296"
"sessionInfo\sessionInfo_15_01_GSE244983_patient_level_summary.txt","9452e169fd203a9312fc82788f981bbeddbd1d44ad6cd72925acb5208bfbf670","2503"
"sessionInfo\sessionInfo_15_02_ICB_cross_cohort_comparability.txt","9452e169fd203a9312fc82788f981bbeddbd1d44ad6cd72925acb5208bfbf670","2503"
"sessionInfo\sessionInfo_15_Runner_Sequential.txt","aa3abdf8ce53e5feaa53474bd843e92c76cbc7604954067d3147b8ff6c6aeb11","2701"
"sessionInfo\sessionInfo_18D_threshold_independent_spatial_covariation.txt","2a243e2fe2869a7c46d1191068070daf9be89083e155ded56413adab722a37d2","3577"
"sessionInfo\sessionInfo_18E_Visium_composition_aware_spatial_analysis_revision.txt","c060f162e49b99198cfef2730b173ea7ea1edbba48d4d0f843aa18620e1a04a7","3597"
"sessionInfo\sessionInfo_18F_humoral_TLS_like_spatial_interpretation_revision.txt","c060f162e49b99198cfef2730b173ea7ea1edbba48d4d0f843aa18620e1a04a7","3597"
"sessionInfo\sessionInfo_Figure 7.txt","87a09e4773c0e80d06958503023e15a83d9ab67b30e7e05d5d878c90e4d9d206","3501"
"sessionInfo\sessionInfo_Figure 8.txt","cf79b5f473369b96352c9192922fe51e34d75465bd147c2d00d02b1601e21e0a","3501"
"sessionInfo\sessionInfo_Figure_2.txt","a4f1063fb4c24c3fd7f9131154429514573a8ddb25da3fa5896727b6f7ee3a82","1331"
"sessionInfo\sessionInfo_Figure_3.txt","b997922a4701370d2698654ca8adf137660c77665955ae23e1a3944b74842bc8","3335"
"sessionInfo\sessionInfo_Figure_4.txt","e6bb1bdd1f36bcf40842b27fa113187e74d1b2ee83b938870e13f7d9600c2170","3335"
"sessionInfo\sessionInfo_Figure_5.txt","5ea7400094ba9476f19fb6b9a01d46e354d68991147f1ebba2e2e51b99c31298","3444"
"sessionInfo\sessionInfo_Figure_6.txt","0d62a65c68b2b362bd4712c8c668d5e92e0c32632d5b6e958089ad4a681b1959","3444"
"sessionInfo\sessionInfo_Figure_9_Supplementary Figure S27_Supplementary Figure S28.txt","bcaca6162ff49e332daff61d96b61c818cbf9e3c3d95a5aae79318a2adafacf2","3551"
"sessionInfo\sessionInfo_Figure_Runner_Global.txt","cf6418696f90af33692e46edaf9262e38caf12337315b3002054e67e497fd118","3674"
"sessionInfo\sessionInfo_ICBcomb_Runner.txt","733f565c41c2d8b7fd39c8696c52201f07a236626dc20d689d966cfe07712a25","1611"
"sessionInfo\sessionInfo_Supplementary Figure S10.txt","a419a4bb8946117b9494232ccd822c46cd32a02724d2c118ccceb8ac6e4f2c24","3596"
"sessionInfo\sessionInfo_Supplementary Figure S11.txt","63528aed3758ee3374d4253d8b617d9aa6780ce797cdb6c1016681f2daef0a55","3596"
"sessionInfo\sessionInfo_Supplementary Figure S12.txt","58d95633ca251f24eead4af6d632af5f90aa144bc86b6e06a14930c72f562ab7","3595"
"sessionInfo\sessionInfo_Supplementary Figure S13.txt","5de5122c0b916bb94a84f3b9b6816d3e8f5bda6015f34f515b250581ef71e68c","3596"
"sessionInfo\sessionInfo_Supplementary Figure S14.txt","29f0feb006297aa35778e31b5d0b1f576516184f3788662edfbbd2dc53c92049","3596"
"sessionInfo\sessionInfo_Supplementary Figure S15.txt","0730f17a634c4a4a5696c00bef87c5c58cbc5329dda2e96a351a7c0001318493","3596"
"sessionInfo\sessionInfo_Supplementary Figure S16.txt","b139ebdabc81b45f3bb40ba0faefcc21023c3ae7ed7f23ea67214802bb64a91b","3649"
"sessionInfo\sessionInfo_Supplementary Figure S17.txt","a6002f81e01f241a9348852409082c9de90193d80869b7f6b0470ca512b7dd3c","3649"
"sessionInfo\sessionInfo_Supplementary Figure S18.txt","264856a546466449b519ed7d0ea988a7e058512e49c42d71d269a89081340e88","3649"
"sessionInfo\sessionInfo_Supplementary Figure S19.txt","21a837e5f93693c59e347f4f0c656a900945b840823d60c643123a911cc75a88","3649"
"sessionInfo\sessionInfo_Supplementary Figure S2.txt","ff6abaf66d44f05bed3cc96e8273aac86204c389cfc23e39578dbcf197778057","3602"
"sessionInfo\sessionInfo_Supplementary Figure S20.txt","b677a79cc10ea5cfd7e5d8298ae7a76880ad1eea91e31a2d9cd5bd065458c8f6","3649"
"sessionInfo\sessionInfo_Supplementary Figure S21.txt","23ffe0a2f40762aeecf96d8694063ecfc2d9a203fb7295db151fa6788c36da3c","3649"
"sessionInfo\sessionInfo_Supplementary Figure S22.txt","0e98059f37122bc5fb344015a935fc73be6b587278ceb9a6055b770ee1c3709c","3649"
"sessionInfo\sessionInfo_Supplementary Figure S23.txt","0da3ec68efe45dee2475e3ca4484c38eec89bea0d74a242db06c18a20eedf6fe","3649"
"sessionInfo\sessionInfo_Supplementary Figure S24.txt","13ca2315d1d4bd0d106ad4b148b32231adac27a14dd7e1cd4c6ec7a90f25db7b","3649"
"sessionInfo\sessionInfo_Supplementary Figure S25.txt","0e6242e7e9638d1796b7fd534a6d7e3ee5c067c82d8894655382c821e7a88336","3649"
"sessionInfo\sessionInfo_Supplementary Figure S26.txt","05ee40e2998607bf69f3bd2d7251ff16716557d3edcf6b39e21a174e74e03475","3648"
"sessionInfo\sessionInfo_Supplementary Figure S29.txt","7dbbc05e81f7f3bd208b8bbca8f68fdb00ae3893c3520f085d350a5d7c39e3c3","3695"
"sessionInfo\sessionInfo_Supplementary Figure S3.txt","1751837bc3df7cbe5685f4357e50e914bd851ae3f4d927bc1d2a87bcdbb553eb","3602"
"sessionInfo\sessionInfo_Supplementary Figure S30.txt","0aa7886880ef6ac61994fd8fcb65957c1664dfed36017475b2ce08190e117a94","3692"
"sessionInfo\sessionInfo_Supplementary Figure S4.txt","06110923d35c176f310548f2aec2d238c41aaab6aa375bc36f77c42d86ca917f","3602"
"sessionInfo\sessionInfo_Supplementary Figure S5.txt","10d505478f3d6f1dc8daa3cc0aa222291374bd73eac74a5a99db29e37b2e3980","3595"
"sessionInfo\sessionInfo_Supplementary Figure S6.txt","b26391489ac0e16fe33df85c239f2bccb2b218aa3994ba5fed7cf1110782af19","3595"
"sessionInfo\sessionInfo_Supplementary Figure S7.txt","91f6d0dce5dec462c7c6342dbf069ba624ba7987a786aff36ee9fe2f5d7f780f","3594"
"sessionInfo\sessionInfo_Supplementary Figure S8.txt","70048b56aa2343f6e918fea3950a2cd74a0a9c36afe36aa2832ee07fda38253b","3595"
"sessionInfo\sessionInfo_Supplementary Figure S9.txt","f6056b978d33864eef33fb4308c81cdbc45bae96343ab4493a569076213277dd","3595"
"sessionInfo\Step11A_spatial_build_and_state_scoring_sessionInfo.txt","03aca18500d67c38c979cfac47fa98cb5e2208badadee19da20a80951cfaa7dd","3486"
