"relative_path","size_bytes","sha256"
"ICBcomb/inputs/ICBcomb_INPUT_FREEZE_v1.0/audit/01_RAW_PLATFORM_AUDIT.csv","1060","2580c164e53dbab48de9a509650c4234a11be2b731d0c57ba6464ed93fa0282a"
"ICBcomb/inputs/ICBcomb_INPUT_FREEZE_v1.0/audit/02_QUERY_BUNDLE_INVENTORY_SHA256.csv","11699","9fb1913f580bca9281a35da002600da45dfb7272920cfb8753a8502a405dd70b"
"ICBcomb/inputs/ICBcomb_INPUT_FREEZE_v1.0/audit/03_QUERY_GENESET_CONSISTENCY.csv","1168","08e2918f1e07598c18542dca8ef466d0c97885a7b562c53619e020ae2f8365b7"
"ICBcomb/inputs/ICBcomb_INPUT_FREEZE_v1.0/audit/04_FINAL_QUERY_CONTRACT.csv","668","9c09757aa6c494d2a4d689d7a09d5b48e6729f44cc003df214110edc8fd9563c"
"ICBcomb/inputs/ICBcomb_INPUT_FREEZE_v1.0/audit/05_HISTORICAL_REFERENCE_INVENTORY.csv","1969","4fea05404e096e3295b10883bf374da44b07bb46e3d58b882da75b27d65511b3"
"ICBcomb/inputs/ICBcomb_INPUT_FREEZE_v1.0/audit/06_HISTORICAL_NUMERIC_CONTRACT_AUDIT.csv","500","dc0e72342c85a9bf600fbca4c52fb25c487a19eee7f1d6c1f74dd6a429930fdf"
"ICBcomb/inputs/ICBcomb_INPUT_FREEZE_v1.0/audit/07_HISTORICAL_ARCHIVE_CROSSCHECK.csv","187","f29024c69b7eb8c4ce51c3649a9ab92222f3cac6e1359fcd903bc9f63d1d2413"
"ICBcomb/inputs/ICBcomb_INPUT_FREEZE_v1.0/audit/08_INPUT_FREEZE_GATES.csv","997","2a2adb4d4e2c37ee1d75902742a55562ea8f82a38326aee8e54cab6728876d20"
"ICBcomb/inputs/ICBcomb_INPUT_FREEZE_v1.0/audit/09_SOURCE_ARCHIVE_PROVENANCE.csv","490","fd69411547a6b2509463552368ea8851fb2c084fd539136e2cc740ab17dd8395"
"ICBcomb/inputs/ICBcomb_INPUT_FREEZE_v1.0/data/historical_reference/ICBcomb_reversal_analysis/ICBcomb_combined_raw_results_CLEAN.csv","31643","426dcef7228e4cf42cfa075e86c0c2b4c75849538a43d38cd38479485f5f898b"
"ICBcomb/inputs/ICBcomb_INPUT_FREEZE_v1.0/data/historical_reference/ICBcomb_reversal_analysis/ICBcomb_positive_reversal_rows_CLEAN.csv","29508","b11dd1f9458565c110f2b0e10d904c40ded944985c89d932d7bdc04b0d3b3ab8"
"ICBcomb/inputs/ICBcomb_INPUT_FREEZE_v1.0/data/historical_reference/ICBcomb_reversal_analysis/ICBcomb_query_gene_set_counts_CLEAN.csv","350","e8602acd1cd70ede71cf3aa88c47edc992f1bd28b7ea7ddb0eede7d325930de1"
"ICBcomb/inputs/ICBcomb_INPUT_FREEZE_v1.0/data/historical_reference/ICBcomb_reversal_analysis/ICBcomb_query_gene_set_counts_FINAL_LOCKED.csv","350","86627fa0fa23b075720606b2b883da5a102b412e7391a2fb144582ecb8a88a23"
"ICBcomb/inputs/ICBcomb_INPUT_FREEZE_v1.0/data/historical_reference/ICBcomb_reversal_analysis/ICBcomb_raw_input_audit.csv","432","ad392823969ae9c025ce88045b52b780bf1b048c17acf66019710e475f6c21fe"
"ICBcomb/inputs/ICBcomb_INPUT_FREEZE_v1.0/data/historical_reference/ICBcomb_reversal_analysis/ICBcomb_raw_input_audit_CLEAN.csv","597","9653d888d366fab01de97bec0db7e6974491e59ce5faa580357e2c56ddb2b659"
"ICBcomb/inputs/ICBcomb_INPUT_FREEZE_v1.0/data/historical_reference/ICBcomb_reversal_analysis/ICBcomb_state_file_summary_CLEAN.csv","575","93504783d370c588c002c53c000820756eb3eddbd76d6b3c7f1661abb390c07e"
"ICBcomb/inputs/ICBcomb_INPUT_FREEZE_v1.0/data/historical_reference/ICBcomb_reversal_analysis/ICBcomb_state_level_maximum_positive_reversal_signal_FOR_FIGURE7D_CLEAN.csv","328","30756dfbf08833f7c7056b48934302ef789395d716b785db3eeb48931f7d1afe"
"ICBcomb/inputs/ICBcomb_INPUT_FREEZE_v1.0/data/historical_reference/ICBcomb_reversal_analysis/ICBcomb_state_level_maximum_positive_reversal_signal_FOR_FIGURE8D_FINAL_LOCKED.csv","328","3d88c1133a7c337f594d98638a661fc1695d1efb913eba68132257f46c46d4bd"
"ICBcomb/inputs/ICBcomb_INPUT_FREEZE_v1.0/data/historical_reference/ICBcomb_reversal_analysis/ICBcomb_state_strategy_summary_CLEAN.csv","2611","c384f138f44a6a63124abd6c56b061723d6c056ace02cf0872fdd9ce01ac1c77"
"ICBcomb/inputs/ICBcomb_INPUT_FREEZE_v1.0/data/historical_reference/ICBcomb_reversal_analysis/ICBcomb_strategy_mapping_audit_CLEAN.csv","16908","b71165adf41c3fbc97240e0d546e30045fae2baa4e2753a8668273fe9c54ce3c"
"ICBcomb/inputs/ICBcomb_INPUT_FREEZE_v1.0/data/historical_reference/ICBcomb_reversal_analysis/ICBcomb_strategy_state_heatmap_table_FOR_FIGURE7C_CLEAN.csv","1211","a3a015af393ca013953bc5a36fe222179b9636318f4449f7416c4bcda4674be4"
"ICBcomb/inputs/ICBcomb_INPUT_FREEZE_v1.0/data/historical_reference/ICBcomb_reversal_analysis/ICBcomb_strategy_state_heatmap_table_FOR_FIGURE8C_FINAL_LOCKED.csv","1211","ea0de07801715834a3d9b7b68975d5ec1afa9983bbc197c20266699f95617dc1"
"ICBcomb/inputs/ICBcomb_INPUT_FREEZE_v1.0/data/historical_reference/ICBcomb_reversal_analysis/ICBcomb_top_positive_reversal_strategies_FOR_FIGURE7B_CLEAN.csv","2611","c384f138f44a6a63124abd6c56b061723d6c056ace02cf0872fdd9ce01ac1c77"
"ICBcomb/inputs/ICBcomb_INPUT_FREEZE_v1.0/data/historical_reference/ICBcomb_reversal_analysis/ICBcomb_top_positive_reversal_strategies_FOR_FIGURE8B_FINAL_LOCKED.csv","1218","46b7cf24daf97e88dfe9d0257d0e087dea5d3c41c1c570768ce0e19f5aafcf3c"
"ICBcomb/inputs/ICBcomb_INPUT_FREEZE_v1.0/data/historical_reference/ICBcomb_reversal_analysis/Supplementary_ICBcomb_mapping_state_audit_from_clean_tables.csv","270","53c808ff9369b75fa1a5cde7464ddff29423375e01b50bd3c617beb8bcc69ca8"
"ICBcomb/inputs/ICBcomb_INPUT_FREEZE_v1.0/data/query_gene_set_bundle/00_audit/core_signature_gene_counts_CLEAN.csv","228","70c1990ae1a113d7e3dd3fcb0488dff1eaa6d07a5db384420cf073e8f81f1d2e"
"ICBcomb/inputs/ICBcomb_INPUT_FREEZE_v1.0/data/query_gene_set_bundle/00_audit/fixed_four_state_name_mapping_CLEAN.csv","566","ec7c7d6a9f4616d9d9f6be9d800bcb4abaadfad232639240c30c57739db39ec4"
"ICBcomb/inputs/ICBcomb_INPUT_FREEZE_v1.0/data/query_gene_set_bundle/00_audit/gene_presence_Antigen_presentation.csv","435","fde9854571abba33d5214ebe20e29a7df39185b9351aed81db5719244e9c4e71"
"ICBcomb/inputs/ICBcomb_INPUT_FREEZE_v1.0/data/query_gene_set_bundle/00_audit/gene_presence_Cytotoxic_T_cell.csv","385","629c37b592cf078a973a34d7ee3b74f88db8400b1efc5d686a4d5e2f75f321a4"
"ICBcomb/inputs/ICBcomb_INPUT_FREEZE_v1.0/data/query_gene_set_bundle/00_audit/gene_presence_IFN_response.csv","401","4344863a1bf543f863fddac388a1cb3eab2cb2ff4ab3d1d000c0a346f0631fb9"
"ICBcomb/inputs/ICBcomb_INPUT_FREEZE_v1.0/data/query_gene_set_bundle/00_audit/gene_presence_Melanocytic_differentiation.csv","288","822996682ffbfda4c490d5bb5dc89308c91319bb81575bb88fd2480990069c3c"
"ICBcomb/inputs/ICBcomb_INPUT_FREEZE_v1.0/data/query_gene_set_bundle/00_audit/gene_presence_Myeloid_inflammatory.csv","475","74e16a844f3c6736ee0a949ae6f1167b282c4bc4f28adf15f83240a27dc9dc6a"
"ICBcomb/inputs/ICBcomb_INPUT_FREEZE_v1.0/data/query_gene_set_bundle/00_audit/gene_presence_Treg_immunoregulatory.csv","374","96a7f34a99989354bf1d012fc1c021ffa30572770ae47db532ea82c603b53f17"
"ICBcomb/inputs/ICBcomb_INPUT_FREEZE_v1.0/data/query_gene_set_bundle/00_audit/gene_presence_Tumor_plasticity_dedifferentiation.csv","579","47735d2ecb51b91bbb2533ad2b127adcc5e9d1ab2db5ebb012a708b4e963be6f"
"ICBcomb/inputs/ICBcomb_INPUT_FREEZE_v1.0/data/query_gene_set_bundle/00_audit/GSE244982_bulk_matrix_audit_CLEAN.csv","107","b479994514508fdbc0da9810e38bceb068a5b0fd8513f010d4489a023740e4da"
"ICBcomb/inputs/ICBcomb_INPUT_FREEZE_v1.0/data/query_gene_set_bundle/00_audit/reproducibility_manifest_CLEAN.csv","700","e7183c930c9257eae67f476b1632774d34a2404e562fc25e48d989e87a649edb"
"ICBcomb/inputs/ICBcomb_INPUT_FREEZE_v1.0/data/query_gene_set_bundle/00_audit/sessionInfo_CLEAN.txt","1317","df873c225dad8e4a78b8ce45350d46db08e722c80bd9c6cbced875c66dc4df4e"
"ICBcomb/inputs/ICBcomb_INPUT_FREEZE_v1.0/data/query_gene_set_bundle/01_state_associated_genes/GSE244982_state_associated_gene_screen_summary_CLEAN.csv","281","10aa4e9302249829a366d351da8e48f89a99fa523b986c452b2ebeb6cc86ac81"
"ICBcomb/inputs/ICBcomb_INPUT_FREEZE_v1.0/data/query_gene_set_bundle/01_state_associated_genes/GSE244982_state_associated_UP_DOWN_gene_sets_CLEAN.gmt","5530","3f5f9e094094810776faef506820ae6223abc599ce92ba6ae3fc249380c43363"
"ICBcomb/inputs/ICBcomb_INPUT_FREEZE_v1.0/data/query_gene_set_bundle/01_state_associated_genes/Immune_defective_Cold_DOWN_genes.csv","7000","0bf693067bb7d7443eb035be39453fe541fafd1e2e0b9095f9a3655ee4340023"
"ICBcomb/inputs/ICBcomb_INPUT_FREEZE_v1.0/data/query_gene_set_bundle/01_state_associated_genes/Immune_defective_Cold_DOWN_genes.txt","697","ebbbf383f04bf3c7fb9e4db3dc329fd059d01983f01a0f072e8bddbc20eab37f"
"ICBcomb/inputs/ICBcomb_INPUT_FREEZE_v1.0/data/query_gene_set_bundle/01_state_associated_genes/Immune_defective_Cold_gene_correlation_full.csv","1161720","eac9bb537a74fe01e4e52cc274f3807e438ce200f141787e4fa06b16394e7b52"
"ICBcomb/inputs/ICBcomb_INPUT_FREEZE_v1.0/data/query_gene_set_bundle/01_state_associated_genes/Immune_defective_Cold_UP_genes.csv","6963","bb7177bb05d5e08209423827972a6713d6c0034b472c874009485e0327bdcada"
"ICBcomb/inputs/ICBcomb_INPUT_FREEZE_v1.0/data/query_gene_set_bundle/01_state_associated_genes/Immune_defective_Cold_UP_genes.txt","749","1715c8e384d8f08ba8a2672ceddf7974f09dcfb62cd7e629f13fc834ff116e8e"
"ICBcomb/inputs/ICBcomb_INPUT_FREEZE_v1.0/data/query_gene_set_bundle/01_state_associated_genes/Melanocytic_Differentiation_DOWN_genes.csv","7025","2cd3d933611f9ee03ae2ceca478105859ff38236ba099d392d9b5f4a3dae7947"
"ICBcomb/inputs/ICBcomb_INPUT_FREEZE_v1.0/data/query_gene_set_bundle/01_state_associated_genes/Melanocytic_Differentiation_DOWN_genes.txt","721","681b5f546cd9b203f76fa4e322368ea766d0b23f32ff1abbc275a7fe81e978da"
"ICBcomb/inputs/ICBcomb_INPUT_FREEZE_v1.0/data/query_gene_set_bundle/01_state_associated_genes/Melanocytic_Differentiation_gene_correlation_full.csv","1159382","39ea73b495bf34dc8c535a76ef062fe1bedb4cc02229c2a8862ecfed9ade2c3a"
"ICBcomb/inputs/ICBcomb_INPUT_FREEZE_v1.0/data/query_gene_set_bundle/01_state_associated_genes/Melanocytic_Differentiation_UP_genes.csv","6935","01128c65f36fdf3cf4ff5f5cdbd628d9da2a74c73378c38f2afb339049a3953c"
"ICBcomb/inputs/ICBcomb_INPUT_FREEZE_v1.0/data/query_gene_set_bundle/01_state_associated_genes/Melanocytic_Differentiation_UP_genes.txt","731","2d27380a96264f303617a88352c3f6f7d32912c037dadf2ca76b19310d39616f"
"ICBcomb/inputs/ICBcomb_INPUT_FREEZE_v1.0/data/query_gene_set_bundle/01_state_associated_genes/Myeloid_Treg_Immunosuppressive_DOWN_genes.csv","7054","efc14785f88237a4c7ac96a0eca8133b0e90ec6a9c5200941f4d025f5c939a6b"
"ICBcomb/inputs/ICBcomb_INPUT_FREEZE_v1.0/data/query_gene_set_bundle/01_state_associated_genes/Myeloid_Treg_Immunosuppressive_DOWN_genes.txt","747","5f46161da7ea69872eef0947ed68573bf7cc542b067b9c3a9c029d4db0c7a326"
"ICBcomb/inputs/ICBcomb_INPUT_FREEZE_v1.0/data/query_gene_set_bundle/01_state_associated_genes/Myeloid_Treg_Immunosuppressive_gene_correlation_full.csv","1170337","403ccb50014a21ed041da76e497d1ba4c764069991014e3adc64f9f149cbeac8"
"ICBcomb/inputs/ICBcomb_INPUT_FREEZE_v1.0/data/query_gene_set_bundle/01_state_associated_genes/Myeloid_Treg_Immunosuppressive_UP_genes.csv","6917","f77fba6b94a1981a3ff66b18e3faf401e21ed059fba16173215038294a52806d"
"ICBcomb/inputs/ICBcomb_INPUT_FREEZE_v1.0/data/query_gene_set_bundle/01_state_associated_genes/Myeloid_Treg_Immunosuppressive_UP_genes.txt","715","930d7fa95d295ec7ddee5e96c1bca5f06af366358a72eacbdc0f1eedd0186017"
"ICBcomb/inputs/ICBcomb_INPUT_FREEZE_v1.0/data/query_gene_set_bundle/01_state_associated_genes/Tumor_dedifferentiation_Stromal_remodeling_DOWN_genes.csv","7062","96dba1c07a46e6bf2de80a1d1739184c06570a5717c57d99eba9b80540ec5b64"
"ICBcomb/inputs/ICBcomb_INPUT_FREEZE_v1.0/data/query_gene_set_bundle/01_state_associated_genes/Tumor_dedifferentiation_Stromal_remodeling_DOWN_genes.txt","757","cfc6ab337b93d6700b9d88b1e1c389f231a7d1b523de6199f4e04506e2838735"
"ICBcomb/inputs/ICBcomb_INPUT_FREEZE_v1.0/data/query_gene_set_bundle/01_state_associated_genes/Tumor_dedifferentiation_Stromal_remodeling_gene_correlation_full.csv","1156152","4488a5fa2fb6e9d87b2540fb1d32de23576d53fe8b59f5eeecddbfee95e07ff5"
"ICBcomb/inputs/ICBcomb_INPUT_FREEZE_v1.0/data/query_gene_set_bundle/01_state_associated_genes/Tumor_dedifferentiation_Stromal_remodeling_UP_genes.csv","6909","cdaffe30e0052d939942492050c5dc328c97d007ef4221f601f4666a8cefb338"
"ICBcomb/inputs/ICBcomb_INPUT_FREEZE_v1.0/data/query_gene_set_bundle/01_state_associated_genes/Tumor_dedifferentiation_Stromal_remodeling_UP_genes.txt","709","453359c7f516fdc60aa23be6d8cd0f3a8e324754731eeb7a8a5e6cbbbee816eb"
"ICBcomb/inputs/ICBcomb_INPUT_FREEZE_v1.0/data/query_gene_set_bundle/02_final_ICBcomb_gene_sets/Dedifferentiated_inflammatory_REFERENCE.txt","676","ed2cd690725d1603c58b0b4aa02d9ca8083e90bc7d00086458e4eefdba80f956"
"ICBcomb/inputs/ICBcomb_INPUT_FREEZE_v1.0/data/query_gene_set_bundle/02_final_ICBcomb_gene_sets/final_ICBcomb_gene_set_summary_CLEAN.csv","730","28d9d7e7516eab42b96359d3e96e5af5bd80bcf259960ab7ddb40d96145925a4"
"ICBcomb/inputs/ICBcomb_INPUT_FREEZE_v1.0/data/query_gene_set_bundle/02_final_ICBcomb_gene_sets/final_ICBcomb_gene_sets_CLEAN.gmt","6530","ed82b2ce523fd7fdb51ce9812ea01a9d90326e8bbfeca3af8c484fef3c5ab870"
"ICBcomb/inputs/ICBcomb_INPUT_FREEZE_v1.0/data/query_gene_set_bundle/02_final_ICBcomb_gene_sets/final_ICBcomb_gene_sets_CLEAN_long_format.csv","53643","fa7a5f8de22a7f4f6d8e5b5bf134e7cff38229182f16655a5a3aac2b137ecf7e"
"ICBcomb/inputs/ICBcomb_INPUT_FREEZE_v1.0/data/query_gene_set_bundle/02_final_ICBcomb_gene_sets/final_ICBcomb_upload_manifest_CLEAN.csv","2799","16a2737e5f93fbee163efd494caa1a04469b0f036162882f1f1cf703f254c73c"
"ICBcomb/inputs/ICBcomb_INPUT_FREEZE_v1.0/data/query_gene_set_bundle/02_final_ICBcomb_gene_sets/Immune_defective_Cold_RESTORE_curated.txt","236","356c787be1b62b56e69dba8782852c6bb7d2d410bb64a03ac87094988a563f5f"
"ICBcomb/inputs/ICBcomb_INPUT_FREEZE_v1.0/data/query_gene_set_bundle/02_final_ICBcomb_gene_sets/Immune_defective_Cold_RESTORE_data_driven.txt","697","ebbbf383f04bf3c7fb9e4db3dc329fd059d01983f01a0f072e8bddbc20eab37f"
"ICBcomb/inputs/ICBcomb_INPUT_FREEZE_v1.0/data/query_gene_set_bundle/02_final_ICBcomb_gene_sets/Immune_defective_Cold_RESTORE_hybrid.txt","674","ba65f29d1a2f8c01185561f8a6a8417ef88cc71ffc29490fb44a886751911736"
"ICBcomb/inputs/ICBcomb_INPUT_FREEZE_v1.0/data/query_gene_set_bundle/02_final_ICBcomb_gene_sets/Melanocytic_Differentiation_REFERENCE_curated.txt","51","06a85f78d270d4f091a4ebba145181fcfe1319ebd920b331b84d2fb002cf0181"
"ICBcomb/inputs/ICBcomb_INPUT_FREEZE_v1.0/data/query_gene_set_bundle/02_final_ICBcomb_gene_sets/Melanocytic_Differentiation_REFERENCE_data_driven.txt","731","2d27380a96264f303617a88352c3f6f7d32912c037dadf2ca76b19310d39616f"
"ICBcomb/inputs/ICBcomb_INPUT_FREEZE_v1.0/data/query_gene_set_bundle/02_final_ICBcomb_gene_sets/Melanocytic_Differentiation_REFERENCE_hybrid.txt","234","ba43ca4d7811e552a5e55f14b4e3b01c5dce360b1d03feb4baf601d4ae03e086"
"ICBcomb/inputs/ICBcomb_INPUT_FREEZE_v1.0/data/query_gene_set_bundle/02_final_ICBcomb_gene_sets/Myeloid_Treg_Immunosuppressive_SUPPRESS_curated.txt","238","f3e7be4c8cf04060d4607b02ab41a4ba52a93988e2a37d4b1c08d48d2032cc22"
"ICBcomb/inputs/ICBcomb_INPUT_FREEZE_v1.0/data/query_gene_set_bundle/02_final_ICBcomb_gene_sets/Myeloid_Treg_Immunosuppressive_SUPPRESS_data_driven.txt","715","930d7fa95d295ec7ddee5e96c1bca5f06af366358a72eacbdc0f1eedd0186017"
"ICBcomb/inputs/ICBcomb_INPUT_FREEZE_v1.0/data/query_gene_set_bundle/02_final_ICBcomb_gene_sets/Myeloid_Treg_Immunosuppressive_SUPPRESS_hybrid.txt","517","3ed4e8246141c11096df432dd563644ff4272204aaeab26a9c05d9f319c14d62"
"ICBcomb/inputs/ICBcomb_INPUT_FREEZE_v1.0/data/query_gene_set_bundle/02_final_ICBcomb_gene_sets/Tumor_dedifferentiation_Stromal_remodeling_SUPPRESS_curated.txt","270","2fb23f911e17743c126dcc802ce7b91f9ba24fccc2dac6f26367c0f0fb34a62d"
"ICBcomb/inputs/ICBcomb_INPUT_FREEZE_v1.0/data/query_gene_set_bundle/02_final_ICBcomb_gene_sets/Tumor_dedifferentiation_Stromal_remodeling_SUPPRESS_data_driven.txt","709","453359c7f516fdc60aa23be6d8cd0f3a8e324754731eeb7a8a5e6cbbbee816eb"
"ICBcomb/inputs/ICBcomb_INPUT_FREEZE_v1.0/data/query_gene_set_bundle/02_final_ICBcomb_gene_sets/Tumor_dedifferentiation_Stromal_remodeling_SUPPRESS_hybrid.txt","559","17054c8d705ee2a5f512694c9b190d835bcc83698fb56f966ebab92f0e8800da"
"ICBcomb/inputs/ICBcomb_INPUT_FREEZE_v1.0/data/query_gene_set_bundle/GSE244982_bulk_core_signature_scores_CLEAN.csv","5459","72852b7629ad244c8be5912d7a06e6dfa6436a57ff11d49076adbfa63d6d9e5a"
"ICBcomb/inputs/ICBcomb_INPUT_FREEZE_v1.0/data/query_gene_set_bundle/GSE244982_final_four_ICB_state_scores_CLEAN.csv","4813","b82ffeaa210cfa2153cc7cd0c099a83eaad73d593850973a50a6dd844a8803cf"
"ICBcomb/inputs/ICBcomb_INPUT_FREEZE_v1.0/data/query_gene_set_bundle/GSE244982_final_four_ICB_state_scores_CLEAN.rds","1794","a6dc6581be61ca37868c6b8e35d7a422d5e4e7534aae09744cd9bd138d068613"
"ICBcomb/inputs/ICBcomb_INPUT_FREEZE_v1.0/data/query_gene_set_bundle/state_associated_genes_set.zip","1476755","2ad5374de4c41a102fdd4c4c32bda145b9e19f7bdf3fe2bea2b8d8a513ea0722"
"ICBcomb/inputs/ICBcomb_INPUT_FREEZE_v1.0/data/raw_platform_results/ICBcomb_Immune_cold_RESTORE_hybrid_results.csv","7703","693d1dce91ba4ace415854b605f5e6d048d5080b65e79169a1435e603f442269"
"ICBcomb/inputs/ICBcomb_INPUT_FREEZE_v1.0/data/raw_platform_results/ICBcomb_Myeloid_Treg_SUPPRESS_hybrid_results.csv","7487","aa7ffa55d2038645da35befe29adbcdd4e93a5aba494e8fa7de2e622c3668b80"
"ICBcomb/inputs/ICBcomb_INPUT_FREEZE_v1.0/data/raw_platform_results/ICBcomb_Tumor_dedifferentiation_SUPPRESS_hybrid_results.csv","7457","6f2bea06a67bc7e18f0fd4f888f2c1e17a6ce1f11ca5eee832fb178c4e1d632f"
"ICBcomb/inputs/ICBcomb_INPUT_FREEZE_v1.0/FREEZE_STATUS.txt","282","5a29a4acc8701489a0ef09d6da36aafde3309184c99ccf2357fc20723ed6aa06"
"ICBcomb/inputs/ICBcomb_INPUT_FREEZE_v1.0/README.md","2684","82e08761e425a9787840272039cbaf828aec49e64daab1ea2e07976bcdb9e4bc"
"ICBcomb/inputs/ICBcomb_INPUT_FREEZE_v1.0/SHA256SUMS.csv","13492","18f3960275ad13d26ec003a2b3ecb0b7225876c5006007cae2503c9805ae3062"
"ICBcomb/inputs/ICBcomb_INPUT_FREEZE_v1.0/validate_ICBcomb_INPUT_FREEZE_v1.0.R","1461","5ddfd057552510841e97f6245e16d65bb582c781ca1f19bb773daa8834c8a54a"
"ICBcomb/README.md","3675","f3ce0a6df306357506abfe511b07c437489d8c1c88d598305250fc9d20b9bfbc"
"ICBcomb/run_ICBcomb_full_sequential.R","9998","73c2491f4de0f18dab53ae80f5059ed78524a277cfe2705f99d68ed7c233dff5"
"ICBcomb/scripts/analysis/02_ICBcomb_build_source_tables.R","18942","9ee93165c1d619f40f4bf814c933b9177ac74cad3342fb9e0ff4408e3e774821"
"ICBcomb/scripts/audit/01_ICBcomb_source_lock_audit.R","5608","8b93bbc4e4a94cbbf667f6e01fddebd98c76956977e05c1adef9814cf54cdada"
"ICBcomb/scripts/audit/07_ICBcomb_post_rebuild_audit.R","1445","3bfe14734006ec3183d59a52c1e68143bcc518f69f97c0eb224bf9307269dc9f"
"ICBcomb/scripts/figures/03_make_Figure9_ICBcomb.R","11448","963a89d5ca965514942d651345ccb5f92edc3bc0415cb33f98e5bd6269e5a62b"
"ICBcomb/scripts/figures/04_make_Supplementary_Figure_S27.R","14338","666424a18fd3166c614aab7d4214230499ddded26f38c34d9ebee8951991a723"
"ICBcomb/scripts/figures/05_make_Supplementary_Figure_S28.R","12365","81a30f840f2ad44be0d5175e633bf445b981e5b8471022f2b601b42649d453fe"
"ICBcomb/scripts/tables/06_make_Supplementary_Tables_S27A_S27B.R","6672","5d02d3da0777044d54ef2439faf61ebb27c4950a17b9112cfbf4522a21a87ffb"
"release_metadata/CLEAN_WORKSPACE_READY_FOR_RUN.txt","676","9fa0be5c06638705de44d727eedb868b7a0f2176b37b2bd9dae1538982020562"
"release_metadata/INSTALLED_PACKAGES_BEFORE_RUN.csv","12418","09831ee1989e603f77e487b4cc3a8ee2bf5725bb288575060f7b217a47eacac0"
"release_metadata/RELEASE_METADATA_SHA256.csv","923","2b756fc0dfa8975ef42d1e90f1c46d0245351bc7796204f6da0990078159faa4"
"release_metadata/REPRODUCTION_LOG_INDEX.csv","3522","c6388772315c02659db56bd26c1934c7b486bf63bbc342eabd7142c730dc4340"
"release_metadata/RUN_MANIFEST.csv","39425","9225fd9d2afa4f647f413a091705fb4ee970b6e5de352e3476d4b49da1311551"
"release_metadata/script_execution_log/01_GSE244982_PASS.txt","367","d00ec1574fcc3c34211a3d338b23f9c26499dec9443428755a85a2c5d0aad0eb"
"release_metadata/script_execution_log/02_GSE78220_PASS.txt","343","28fd716bf069c195af7597450bc28094a6595bfdb3f4d7998702479dc4568117"
"release_metadata/script_execution_log/03_state_scoring_robustness_analysis_STATUS.txt","416","ec7ec39921e36187ae5ff5889d673e5785c19593f9df68103d9a45bb4e0c3fed"
"release_metadata/script_execution_log/04_GSE91061_state_scoring_response_analysis.txt","455","bde49d7896ea08a60972cb27a50d69bf757f2be9f5f16c6476367a98f4b81433"
"release_metadata/script_execution_log/05_bulk_response_sensitivity_analysis.txt","736","661bb606439da111e03de2df6197838504c27db087d971232a0da3b224d97840"
"release_metadata/script_execution_log/06_GSE244983_scRNA_preprocess_major_annotation.txt","1096","852b5ccf9069b3b441c81d260679cc5be649722bf6335c9929f6069e7b5f6b79"
"release_metadata/script_execution_log/07_GSE244983_scRNA_state_localization_source_attribution.txt","1871","2c6501ec5905695ee2efd16c6f26c9c190c0be6c04a94739835d85f416f89d82"
"release_metadata/script_execution_log/08_GSE244983_CAF_stromal_analysis.txt","2701","d993d1a33a6eaa62ed2c299db5659fc23f6cf6a3919e2e7098dd27cc4cd67cb0"
"release_metadata/script_execution_log/08b_GSE244983_malignant_subclustering_v1.4.2_FINAL.txt","3069","c1c6c9cde0c1664974640ad79d1a6883b02eb124563c6c036cd945a65b9f1105"
"release_metadata/script_execution_log/09A_GSE244983_doublet_CNV_sensitivity_execution.txt","1891","c19e3518bb33853b82d1685f2f6b4d84c9d7cded9359d8aaa472cde4a17c711a"
"release_metadata/script_execution_log/10_S20.txt","2790","cb5e9bf486c9ef8c24b7cb61266464260cf8b4aee76ff2fec9f3e3db7f520f2c"
"release_metadata/script_execution_log/11_CosMx.txt","2123","84855f7d299a52d14588ec879befd63087697d3e270fd6eb350af1e3c6cfa66c"
"release_metadata/script_execution_log/12_Primary_Visium FULL SEQUENTIAL REPRODUCTION.txt","6424","c9fec1d212c66fbc146b5b434eef22917156c95e0abe69ef8807d1eeb1a33669"
"release_metadata/script_execution_log/13_IF_mIF FULL SEQUENTIAL REPRODUCTION.txt","5919","1eed940c8cd25c5d1f58cb197f4ee55c89d316500621b5988831b1505e036677"
"release_metadata/script_execution_log/14_CellChat_LR FULL SEQUENTIAL REPRODUCTION.txt","6028","98a994797c6e8e1961b93467a597f6d31ec0befbd273925c78fea5e7230e1aaa"
"release_metadata/script_execution_log/15_Additional_robustness_FULL_SEQUENTIAL_REPRODUCTION_LOG.txt","5122","9da45eeeddd972672c212ff98c30b94300ce00afb7c8c6ae0e1bac5d91e63c53"
"release_metadata/script_execution_log/ALL_FIGURES_FULL_SEQUENTIAL_REPRODUCTION_LOG_FINAL.txt","6698","0c11d9977e533f02f24ac6928b749dc7d58e82cba378d4623bddc1892ece52ad"
"release_metadata/script_execution_log/ICBcomb_TRUE_CLEAN_RUN_LOG.txt","2209","e9ffc8f38ec3fa8d3c3952e2b39ad6c6971eeaa8e7f27b081807863ec3982f20"
"release_metadata/SCRIPT_SHA256.csv","16984","fd4d02b598ad02f105ec8d0665b509aed80ace4cabf65508c23cdf9c55ba561b"
"release_metadata/sessionInfo/sessionInfo_01_GSE244982_bulk_state_scoring.txt","1395","95fdceaf85809b753a94496e50ce4dba2b55bbdf4bc7fb1aab013ee2ace66e26"
"release_metadata/sessionInfo/sessionInfo_02_GSE78220_state_scoring_response_survival_analysis.txt","1520","954fb624ac4862ac5e95e38b469f751dac58b9d968179d5ca5c5d4858b388cc4"
"release_metadata/sessionInfo/sessionInfo_03_state_scoring_robustness_analysis.txt","3354","344e1b8d183467380bb9d8aaba9df29efa430c145498f029d986a578908b9d64"
"release_metadata/sessionInfo/sessionInfo_04_GSE91061_state_scoring_response_analysis.txt","1477","0ceb7644cc5e200d06c4d6ef2ff7faa2a0a8725f8ad26e94787784a6226cc905"
"release_metadata/sessionInfo/sessionInfo_05_bulk_response_sensitivity_analysis.txt","1178","26237070059b41dc4f3548fca05e273ceb0bff41381f6f600d92fc0db8e90d8d"
"release_metadata/sessionInfo/sessionInfo_06_GSE244983_scRNA_preprocess_major_annotation.txt","3282","d537b49d7e1a16e0e3299fd1858ef3b9b7bdda62fc305744b281f620c3b52c85"
"release_metadata/sessionInfo/sessionInfo_08_GSE244983_scRNA_state_localization_source_attribution.txt","3166","601521030ee1b518ba9b8ad1142bf70bc1c797f7715d1581413a2122106896b5"
"release_metadata/sessionInfo/sessionInfo_09_GSE244983_CAF_stromal_analysis.txt","3166","601521030ee1b518ba9b8ad1142bf70bc1c797f7715d1581413a2122106896b5"
"release_metadata/sessionInfo/sessionInfo_10_GSE244983_malignant_subclustering.txt","3208","1f24c69b0d2f5131db07ddd25c9bb1db4800456105683791604c93a9def89453"
"release_metadata/sessionInfo/sessionInfo_10_S20_full_sequential_reproduction.txt","3965","2c6ea794479c33c4a2d65c2b1b0196cc96d82af68d60f99598505fd076559ff2"
"release_metadata/sessionInfo/sessionInfo_11_CosMx_full_sequential_reproduction.txt","3378","2ad46ad0a682ec92c5d29977d1023efbe3ae8d353767ee3e0e5c3b3e97f06c9d"
"release_metadata/sessionInfo/sessionInfo_11_spatial_QC_Moran_colocalization.txt","3505","efc264a1d3437ff5cd3af242f9128d67af6e931703170d469133f2547456cf8b"
"release_metadata/sessionInfo/sessionInfo_12_Primary_Visium_full_sequential_reproduction.txt","3597","c060f162e49b99198cfef2730b173ea7ea1edbba48d4d0f843aa18620e1a04a7"
"release_metadata/sessionInfo/sessionInfo_13_IF_mIF_full_sequential_reproduction.txt","4162","f77f1aa772834e009a1b23dca10d0e45bfb59a37cd8feecf30a7ce189bc7350b"
"release_metadata/sessionInfo/sessionInfo_14_CellChat_LR_full_sequential_reproduction.txt","5296","4365de5176a3fc4793a3a135ba2dac3199fcb6a460b7d9f8995f90a7d4181ac8"
"release_metadata/sessionInfo/sessionInfo_15_01_GSE244983_patient_level_summary.txt","2503","9452e169fd203a9312fc82788f981bbeddbd1d44ad6cd72925acb5208bfbf670"
"release_metadata/sessionInfo/sessionInfo_15_02_ICB_cross_cohort_comparability.txt","2503","9452e169fd203a9312fc82788f981bbeddbd1d44ad6cd72925acb5208bfbf670"
"release_metadata/sessionInfo/sessionInfo_15_Runner_Sequential.txt","2701","aa3abdf8ce53e5feaa53474bd843e92c76cbc7604954067d3147b8ff6c6aeb11"
"release_metadata/sessionInfo/sessionInfo_18D_threshold_independent_spatial_covariation.txt","3577","2a243e2fe2869a7c46d1191068070daf9be89083e155ded56413adab722a37d2"
"release_metadata/sessionInfo/sessionInfo_18E_Visium_composition_aware_spatial_analysis_revision.txt","3597","c060f162e49b99198cfef2730b173ea7ea1edbba48d4d0f843aa18620e1a04a7"
"release_metadata/sessionInfo/sessionInfo_18F_humoral_TLS_like_spatial_interpretation_revision.txt","3597","c060f162e49b99198cfef2730b173ea7ea1edbba48d4d0f843aa18620e1a04a7"
"release_metadata/sessionInfo/sessionInfo_Figure 7.txt","3501","87a09e4773c0e80d06958503023e15a83d9ab67b30e7e05d5d878c90e4d9d206"
"release_metadata/sessionInfo/sessionInfo_Figure 8.txt","3501","cf79b5f473369b96352c9192922fe51e34d75465bd147c2d00d02b1601e21e0a"
"release_metadata/sessionInfo/sessionInfo_Figure_2.txt","1331","a4f1063fb4c24c3fd7f9131154429514573a8ddb25da3fa5896727b6f7ee3a82"
"release_metadata/sessionInfo/sessionInfo_Figure_3.txt","3335","b997922a4701370d2698654ca8adf137660c77665955ae23e1a3944b74842bc8"
"release_metadata/sessionInfo/sessionInfo_Figure_4.txt","3335","e6bb1bdd1f36bcf40842b27fa113187e74d1b2ee83b938870e13f7d9600c2170"
"release_metadata/sessionInfo/sessionInfo_Figure_5.txt","3444","5ea7400094ba9476f19fb6b9a01d46e354d68991147f1ebba2e2e51b99c31298"
"release_metadata/sessionInfo/sessionInfo_Figure_6.txt","3444","0d62a65c68b2b362bd4712c8c668d5e92e0c32632d5b6e958089ad4a681b1959"
"release_metadata/sessionInfo/sessionInfo_Figure_9_Supplementary Figure S27_Supplementary Figure S28.txt","3551","bcaca6162ff49e332daff61d96b61c818cbf9e3c3d95a5aae79318a2adafacf2"
"release_metadata/sessionInfo/sessionInfo_Figure_Runner_Global.txt","3674","cf6418696f90af33692e46edaf9262e38caf12337315b3002054e67e497fd118"
"release_metadata/sessionInfo/sessionInfo_ICBcomb_Runner.txt","1611","733f565c41c2d8b7fd39c8696c52201f07a236626dc20d689d966cfe07712a25"
"release_metadata/sessionInfo/sessionInfo_Supplementary Figure S10.txt","3596","a419a4bb8946117b9494232ccd822c46cd32a02724d2c118ccceb8ac6e4f2c24"
"release_metadata/sessionInfo/sessionInfo_Supplementary Figure S11.txt","3596","63528aed3758ee3374d4253d8b617d9aa6780ce797cdb6c1016681f2daef0a55"
"release_metadata/sessionInfo/sessionInfo_Supplementary Figure S12.txt","3595","58d95633ca251f24eead4af6d632af5f90aa144bc86b6e06a14930c72f562ab7"
"release_metadata/sessionInfo/sessionInfo_Supplementary Figure S13.txt","3596","5de5122c0b916bb94a84f3b9b6816d3e8f5bda6015f34f515b250581ef71e68c"
"release_metadata/sessionInfo/sessionInfo_Supplementary Figure S14.txt","3596","29f0feb006297aa35778e31b5d0b1f576516184f3788662edfbbd2dc53c92049"
"release_metadata/sessionInfo/sessionInfo_Supplementary Figure S15.txt","3596","0730f17a634c4a4a5696c00bef87c5c58cbc5329dda2e96a351a7c0001318493"
"release_metadata/sessionInfo/sessionInfo_Supplementary Figure S16.txt","3649","b139ebdabc81b45f3bb40ba0faefcc21023c3ae7ed7f23ea67214802bb64a91b"
"release_metadata/sessionInfo/sessionInfo_Supplementary Figure S17.txt","3649","a6002f81e01f241a9348852409082c9de90193d80869b7f6b0470ca512b7dd3c"
"release_metadata/sessionInfo/sessionInfo_Supplementary Figure S18.txt","3649","264856a546466449b519ed7d0ea988a7e058512e49c42d71d269a89081340e88"
"release_metadata/sessionInfo/sessionInfo_Supplementary Figure S19.txt","3649","21a837e5f93693c59e347f4f0c656a900945b840823d60c643123a911cc75a88"
"release_metadata/sessionInfo/sessionInfo_Supplementary Figure S2.txt","3602","ff6abaf66d44f05bed3cc96e8273aac86204c389cfc23e39578dbcf197778057"
"release_metadata/sessionInfo/sessionInfo_Supplementary Figure S20.txt","3649","b677a79cc10ea5cfd7e5d8298ae7a76880ad1eea91e31a2d9cd5bd065458c8f6"
"release_metadata/sessionInfo/sessionInfo_Supplementary Figure S21.txt","3649","23ffe0a2f40762aeecf96d8694063ecfc2d9a203fb7295db151fa6788c36da3c"
"release_metadata/sessionInfo/sessionInfo_Supplementary Figure S22.txt","3649","0e98059f37122bc5fb344015a935fc73be6b587278ceb9a6055b770ee1c3709c"
"release_metadata/sessionInfo/sessionInfo_Supplementary Figure S23.txt","3649","0da3ec68efe45dee2475e3ca4484c38eec89bea0d74a242db06c18a20eedf6fe"
"release_metadata/sessionInfo/sessionInfo_Supplementary Figure S24.txt","3649","13ca2315d1d4bd0d106ad4b148b32231adac27a14dd7e1cd4c6ec7a90f25db7b"
"release_metadata/sessionInfo/sessionInfo_Supplementary Figure S25.txt","3649","0e6242e7e9638d1796b7fd534a6d7e3ee5c067c82d8894655382c821e7a88336"
"release_metadata/sessionInfo/sessionInfo_Supplementary Figure S26.txt","3648","05ee40e2998607bf69f3bd2d7251ff16716557d3edcf6b39e21a174e74e03475"
"release_metadata/sessionInfo/sessionInfo_Supplementary Figure S29.txt","3695","7dbbc05e81f7f3bd208b8bbca8f68fdb00ae3893c3520f085d350a5d7c39e3c3"
"release_metadata/sessionInfo/sessionInfo_Supplementary Figure S3.txt","3602","1751837bc3df7cbe5685f4357e50e914bd851ae3f4d927bc1d2a87bcdbb553eb"
"release_metadata/sessionInfo/sessionInfo_Supplementary Figure S30.txt","3692","0aa7886880ef6ac61994fd8fcb65957c1664dfed36017475b2ce08190e117a94"
"release_metadata/sessionInfo/sessionInfo_Supplementary Figure S4.txt","3602","06110923d35c176f310548f2aec2d238c41aaab6aa375bc36f77c42d86ca917f"
"release_metadata/sessionInfo/sessionInfo_Supplementary Figure S5.txt","3595","10d505478f3d6f1dc8daa3cc0aa222291374bd73eac74a5a99db29e37b2e3980"
"release_metadata/sessionInfo/sessionInfo_Supplementary Figure S6.txt","3595","b26391489ac0e16fe33df85c239f2bccb2b218aa3994ba5fed7cf1110782af19"
"release_metadata/sessionInfo/sessionInfo_Supplementary Figure S7.txt","3594","91f6d0dce5dec462c7c6342dbf069ba624ba7987a786aff36ee9fe2f5d7f780f"
"release_metadata/sessionInfo/sessionInfo_Supplementary Figure S8.txt","3595","70048b56aa2343f6e918fea3950a2cd74a0a9c36afe36aa2832ee07fda38253b"
"release_metadata/sessionInfo/sessionInfo_Supplementary Figure S9.txt","3595","f6056b978d33864eef33fb4308c81cdbc45bae96343ab4493a569076213277dd"
"release_metadata/sessionInfo/Step11A_spatial_build_and_state_scoring_sessionInfo.txt","3486","03aca18500d67c38c979cfac47fa98cb5e2208badadee19da20a80951cfaa7dd"
"release_metadata/SESSIONINFO_INDEX.csv","28800","aa7d12fd16d766d55417940afeafe56721fc112da878067caeefb22f92b10385"
"scripts/analysis/01_GSE244982_bulk_state_scoring.R","35463","d7e812bc21c5491630cb41ec8393194c4b5be9d626d731b4b694b289ba510c2d"
"scripts/analysis/02_GSE78220_state_scoring_response_survival.R","77625","410c69e4cd75ff8791f8707e425c085552b2ab43c6827dbf22b4149bcf7c792d"
"scripts/analysis/03_state_scoring_robustness_analysis.R","50246","f34776c1ed5d3dfc42f129c77a9dc88e356bda242e561b000911421bd9711166"
"scripts/analysis/04_GSE91061_state_scoring_response_analysis.R","33337","09736c383fbca9a10191430a21cb8ea9af4d0ea435d627fb97962b4c5f4dadb6"
"scripts/analysis/05_bulk_response_sensitivity_analysis.R","76424","154fe88dec342fe2798d0097581da05368b0abfad2dfb4f6b97a57215ed3adb0"
"scripts/analysis/06_GSE244983_scRNA_preprocess_major_annotation.R","37802","0c35148da79c44c0a54704aab51b448077b63d71f91a7caa759d85b4284ff619"
"scripts/analysis/07_GSE244983_scRNA_state_localization_source_attribution_v1.2.4_FINAL.R","56643","9255bd82e0e5047c6bb9038f10b0ff62b5918c470e094602bd804b3a3aba0acf"
"scripts/analysis/08_GSE244983_CAF_stromal_analysis.R","36042","032fac64c23e6402fc220ea332b357494339a342265538bfc06269089fd6aadb"
"scripts/analysis/08b_GSE244983_malignant_subclustering_v1.4.2_FINAL.R","62885","08e17a6314ae5e556515f6cfb1df084e8fd9f3833dbcb23cb3356f3269f5cb53"
"scripts/analysis/09A_GSE244983_doublet_CNV_sensitivity/01_input_lineage_audit.R","7005","829accee3975baef0c46a58217c521daa4f7667f0fa5297ed887f0249b8a96c0"
"scripts/analysis/09A_GSE244983_doublet_CNV_sensitivity/02_pANN_doublet_detection.R","10281","a26bc85b907c61655d5fbb292c7b046b872686b06d8e851db8bf586c073a4e0b"
"scripts/analysis/09A_GSE244983_doublet_CNV_sensitivity/03_finalize_doublet_filter.R","7294","2b487fbe69e5a05084aecfe80c1e3144d2090e7496f797c72059be4eb589818c"
"scripts/analysis/09A_GSE244983_doublet_CNV_sensitivity/04_primary_doublet_robustness.R","7179","09e2d45fcec8f7c04fc92c0fe0e681e3c6905291387034ea13681f104af37da5"
"scripts/analysis/09A_GSE244983_doublet_CNV_sensitivity/05_doublet_rate_sensitivity.R","6095","cbaf836d93dd4d3d88af1ec3d3b9c84a1aca1ebf8d959601e0189483225c2b86"
"scripts/analysis/09A_GSE244983_doublet_CNV_sensitivity/06_generate_inferCNV_gene_order.R","5544","36f2b6a9034a2c869e0962ee3fb1a3064193d75ee1c828f28c966b634459f48c"
"scripts/analysis/09A_GSE244983_doublet_CNV_sensitivity/07_run_inferCNV_support.R","12031","7c9f4d1847ca9923137d06725def01202d4616e6acefd5ca9e4d4745bbb1a2eb"
"scripts/analysis/09A_GSE244983_doublet_CNV_sensitivity/08_final_module_audit.R","7642","6b28bf91cce79f64e1201896e0d7e82fe7785e577636c24d7b4c27bfcc9ceac3"
"scripts/analysis/09A_GSE244983_doublet_CNV_sensitivity/README.md","3012","c57f9a18ab25fc2e076a88269456b8adb99c0cefa8f341cb9eb38862b8c5a8bf"
"scripts/analysis/09A_GSE244983_doublet_CNV_sensitivity/run_09A_GSE244983_doublet_CNV_sensitivity.R","2837","7dcf9457eee3652889835638a081d1867b6179fa32b1f8f9b488051a379e2416"
"scripts/analysis/10_S20/01_GSE250636_build_18J.R","40294","e99df8d50f3d881ef1b54db4385506a69a23ddce54363d84204e8ae47e4cc84d"
"scripts/analysis/10_S20/02_Thrane2018_build_18J.R","56349","2f607a1d851da7aa38669b1f35b2dcba80d1d6f5285c051bba88ee43116c30af"
"scripts/analysis/10_S20/03_build_historical_S28_from_18J.R","26204","bcdc7eeda26e384e0a70ec30a32d4cf512a88fab68b89a72ee977db30463d87c"
"scripts/analysis/10_S20/04_GSE250636_build_S20_canonical.R","40519","1bc5ef80ebbc3716f85d3cc4114243853e303d36f431c95a658fe9a6cf6ae759"
"scripts/analysis/10_S20/05_Thrane2018_build_S20_canonical.R","55156","96d7b72800d355a06725f66cfb110f02a68c7e59d7589d767c0d42c8a5831e31"
"scripts/analysis/10_S20/06_verify_S20_locked_state_genes.R","5356","90872fa889e9cb45729c26b1d3ee0cb694175030d3767b7675d524c5e2c9be19"
"scripts/analysis/10_S20/07_S20_aggregate.R","7841","cb614572f675abeadcd8ba5e6acb3bf8d1708f93560c9ee1199a10acdc0e057a"
"scripts/analysis/10_S20/08_S20_make_figure.R","27295","4937d82c2465594ea952bc8dec85b48ec3a8f0533631de19379e279a6f5830f2"
"scripts/analysis/10_S20/09_S20_external_spatial_recurrence_reproduction_check.R","37977","cac0a8ca9b228dba1dd3d1075fd114d04eb773564af0e3d50356736eecd993fd"
"scripts/analysis/10_S20/README.md","4119","c80cde1cc5e38180269884d36acb10ebfed05ef7125b5cb3f43bc813dab52909"
"scripts/analysis/10_S20/run_10_S20_full_sequential_reproduction.R","5213","ebb3023726f7ea093a38bf08a3e513950d984c7eea5fb12e05cf8f783e7bcec4"
"scripts/analysis/11_CosMx/01_CosMx_state_scoring.R","18123","8f260c35e12e5262c7076a26ea5b6161980bd13788e66b48c56b0ffab7ab1c88"
"scripts/analysis/11_CosMx/02_CosMx_cell_level_spatial_validation.R","28574","74cd383d080296cddf539c404a235a21f217cb163ad647d5fd1f7356af82605d"
"scripts/analysis/11_CosMx/03_CosMx_metadata_QC_and_technical_sensitivity.R","22863","e424ed68232943e5295f6d48dea1b17cc35208ad43907bfa921daaea23e83c28"
"scripts/analysis/11_CosMx/04_CosMx_make_S21.R","16706","1923c754e1c2fc8d5f67482e687c19fa6067084cfcb050feac572da53f5a466b"
"scripts/analysis/11_CosMx/05_CosMx_make_S22.R","29831","c6bd7bdcbd678af87bc23245dbcbc12c75488954e80827d424af9ac57e710956"
"scripts/analysis/11_CosMx/11_CosMx_reproduction_check.R","11557","32cbbcef6d2911d107df2acd9604a72b44ddda6baed7754c05d71192850bcd65"
"scripts/analysis/11_CosMx/README.md","4042","c3d4ceaa6ba3787485e985bea5379f2fb43069cbb7aa6b2d1c2adc8b92e15eb9"
"scripts/analysis/11_CosMx/run_11_CosMx_full_sequential_reproduction.R","4889","3ea40cafc16e9e0287f47d458252f4a40d205fba4583e011db84b34b351bdc55"
"scripts/analysis/12_Primary_Visium/01_Visium_build_object_and_state_scoring.R","24997","fc8d6191c1561b15a70fe60e54d4f30e65bdd96ab82f0e5812ce99da89c5af5f"
"scripts/analysis/12_Primary_Visium/02_Visium_spatial_QC_Moran_colocalization.R","47831","b7b1d466989ad2e13787383b1dde541c3bf6e32337467c6c9adff965df80dbc6"
"scripts/analysis/12_Primary_Visium/03_Visium_dual_high_niche_analysis.R","29162","6d6a13147393772823be331c21edf26c2201ebc0254a9daa0e53f3ce32813f0a"
"scripts/analysis/12_Primary_Visium/03B_Visium_make_Figure8.R","29806","ab6fb5fcd37e8ab2e61d928f4b5015c585cd7b9f2d6dc2b309b05494aaf4c3ec"
"scripts/analysis/12_Primary_Visium/04_Visium_threshold_independent_covariation.R","27514","e46bb7507e6a05314ae6a57ee96fd346e492a80085689955a512b6a4fc2a973b"
"scripts/analysis/12_Primary_Visium/05_Visium_composition_aware_analysis.R","53623","dcb9dccfd5d574402d6c143e2a510d9fc2243503c7d5d5cb3f7b9c10ae2acc3a"
"scripts/analysis/12_Primary_Visium/06_Visium_humoral_TLS_context.R","49515","7abf729e635c1ec7ca4751d579820a26ee14b98dd106f0654c5bf565a1f90372"
"scripts/analysis/12_Primary_Visium/07_Visium_primary_canonical_analysis.R","87116","d3668c4c0a5af2d1ef26ea06dc797756c1cbbb403cdcd01ca9a4d027b6c52379"
"scripts/analysis/12_Primary_Visium/08_Visium_make_S15_S19_figures.R","39243","9085162eb1b5501abbdc4eade00fd06cef1432e5919f994deedaad4406f5a79e"
"scripts/analysis/12_Primary_Visium/09_Visium_compare_with_frozen.R","17613","4ce5e14d0e7019d15710a069cb5ff2ed16037eb033f14586ec1314077c0d43f3"
"scripts/analysis/12_Primary_Visium/09A_Visium_diagnose_reproduction_mismatches.R","8610","9aee9b111b57750e56fe134c7cf9409159a099e8b973a3c77da1d84174220532"
"scripts/analysis/12_Primary_Visium/README.md","4646","6de61c0d8fa5e682610ca9fd929aa7369a929c509fdff340ce4de2bf2c47618e"
"scripts/analysis/12_Primary_Visium/run_12_Primary_Visium_full_sequential_reproduction.R","7158","eea7a273ec9f309a41e931c8dcf263c031cc97352927805acdc3976961e6a123"
"scripts/analysis/13_IF_mIF/00_RUN_IF_mIF_SEQUENTIAL.R","7797","7889424cd3f9d0c4783bc4da51c5543692f11ebaa56d79df08d5a1eeaf8c5f46"
"scripts/analysis/13_IF_mIF/01_IF_mIF_build_CosMx_state_scores.R","16047","07fd8042828986fc0d227be6f4591882aa941b2cc0eb3c4b5e9038ab145799ab"
"scripts/analysis/13_IF_mIF/02_IF_mIF_match_and_correlation.R","15528","541b31abb6bd3baf722f161b15502dcc8d180d709878b3bd416be7cb96531462"
"scripts/analysis/13_IF_mIF/03_IF_mIF_make_S23.R","8230","e473475420ffa76cee5f8f2b57c5ed160aaa22031acbd58f271aa787edc7c569"
"scripts/analysis/13_IF_mIF/04_IF_mIF_make_Supplementary_Table_S23.R","4504","8affa683070a7ef8aca8002f3e254d1cb087a28b42041240b58beda20fe754ff"
"scripts/analysis/13_IF_mIF/05_IF_mIF_compare_with_frozen.R","10888","b7e06b95c7704c7a5afefe65f8050ed2b75f6c311a49c6ae60b76a7a3bab8f4f"
"scripts/analysis/13_IF_mIF/README.md","4018","791429bc4109fe886a8d9b30885410a27958c5b9638362f82ea31154b0c5fc3f"
"scripts/analysis/14_CellChat_LR/00_RUN_CellChat_LR_SEQUENTIAL.R","4110","e52d7c4fac8e6709c119c2fbb0aadedb6bd0121a25a30c5d692bd29fe7cf33c2"
"scripts/analysis/14_CellChat_LR/01_CellChat_candidate_LR_nomination.R","29865","850b8f0bb8046bb81a78e56eb2b344cfca6efd1247442c8f230ab4f47045115f"
"scripts/analysis/14_CellChat_LR/02_CosMx_spatial_LR_primary_K20.R","28421","fe976b3bae1b93071e7b5563dd0ff3251e2cafebfb98477703069253e5547aa1"
"scripts/analysis/14_CellChat_LR/03_CosMx_spatial_LR_sensitivity_K10.R","28522","be5f838bf2e9bf6a3cad2c74677506b9d3df9221c2667cb7700478f4552d9cc3"
"scripts/analysis/14_CellChat_LR/04_CosMx_spatial_LR_sensitivity_K30.R","28522","b7ea747402cf01b45541fb2c5a70bd9159932a1155f85d5cecf1c4a334e75ae2"
"scripts/analysis/14_CellChat_LR/05_CellChat_LR_build_reporting_sources.R","13684","486a82341d54c824e8b58cda56dc3a66cc1921388e4bd559d2ea6c5639c46378"
"scripts/analysis/14_CellChat_LR/06_CellChat_LR_make_S24.R","6750","9b515edc3642880cb6a91b982becd039f60527b5e7386179d2ccb10afa9c7e95"
"scripts/analysis/14_CellChat_LR/07_CellChat_LR_make_S25.R","6377","a62b680d6bbff33f7e51a8c97e36a5822cbd2f1c76935b3df8e83784a4469f60"
"scripts/analysis/14_CellChat_LR/08_CellChat_LR_make_S26.R","5888","69baea6b1f66c797d296a75440a0d6225167f7d4902704ecbbaa32743ee9dcc2"
"scripts/analysis/14_CellChat_LR/09_CellChat_LR_make_Supplementary_Tables_S24_S26.R","4621","da0dc9c5c2c7e0798c9d0721b8b5b5c2ff3ae7a79519619f97edc5f9b903874a"
"scripts/analysis/14_CellChat_LR/10_CellChat_LR_compare_with_frozen.R","31208","d953da953f76df47a5dd785925bb73741fee3e16a5eb1d435418a34338a541b0"
"scripts/analysis/14_CellChat_LR/frozen_reference/FROZEN_REFERENCE_MANIFEST.csv","1131","dc21d9d3303ec8a624ae726454f2e57e60a47a024633a49bb761c4a0f8b89b6b"
"scripts/analysis/14_CellChat_LR/frozen_reference/S24_CellChat_candidate_summary_FROZEN.csv","2128","c72432ed9cae62a81eecfb1b921b8035c542d92953ad76d494c936ea005dca70"
"scripts/analysis/14_CellChat_LR/frozen_reference/S25_CosMx_K20_summary_FROZEN.csv","2229","1ccaa82ddae425ed4b33f667693292fadba7af0b59a1d8aa3b8149115f4d96d0"
"scripts/analysis/14_CellChat_LR/frozen_reference/S26_CosMx_all_kNN_180_tests_FROZEN.csv","26212","0741f8e4fbeceb6fd430d3b076e3935446576f8a91272dc281af48ae2ee97179"
"scripts/analysis/14_CellChat_LR/locked_input/CellChat_historical_sampling_group_manifest.csv","173499","b4e1dd0cd5f3da4808d9284e23de7491dd4779186021530971c7dad43f579620"
"scripts/analysis/14_CellChat_LR/locked_input/LOCKED_INPUT_MANIFEST.csv","427","2d256e41349085844c68e6dd5d6148eb7653ea2d8cea66ab3b229e3a2c147d71"
"scripts/analysis/14_CellChat_LR/locked_input/LOCKED_INPUT_VALIDATION.csv","702","c5dcfb0b997b38159e4262ee64ac4cfbfe6a8b0e4ecdb287c57dddaeecc3117a"
"scripts/analysis/14_CellChat_LR/locked_input/README.md","1033","7fb5feb3596275940f4a477a13f38d1462ad3352833f22f563cdab0b73cf00a3"
"scripts/analysis/14_CellChat_LR/README.md","2362","88b71ccd9b31b3ee8cf5214849933fd529aab31bf6429f77ab9ea89cc13693b7"
"scripts/analysis/15_Additional_robustness/01_GSE244983_patient_level_summary.R","8650","be673b5995be1699d386142b5abbce37045fbf5fe0a2eecef9d8e68654a30701"
"scripts/analysis/15_Additional_robustness/01_make_S29_patient_level_structure.R","9070","3d3c5499f74fca707e8462f304479bcdf76708789d3d1dbb313b697fe57ccbff"
"scripts/analysis/15_Additional_robustness/02_ICB_cross_cohort_comparability.R","42449","b5e16f0358e3cfb7fa0685a1f43dfea4ccec75fdcaac5b0fce9bfbedd43b3324"
"scripts/analysis/15_Additional_robustness/02_make_S30_cross_cohort_robustness.R","35173","5dbc2b866ed73fed2d14bd867202bd46e51aa965a5440cf2e2e01b74a6b89d9e"
"scripts/analysis/15_Additional_robustness/03_make_Table_S29_statistical_analysis_summary.R","2417","059eb43225712a92011ba6fe31cbf521c341f5f4213ccdc3a963caa784592eca"
"scripts/analysis/15_Additional_robustness/03_statistical_testing_inventory.R","14507","44e0065c289b1296d3dd53d8d66e09fbd46ff66c6cb3dd477bc211eaf3f0e32a"
"scripts/analysis/15_Additional_robustness/04_make_Table_S30_cross_cohort_comparability.R","8462","5d91efb5424adf1a6466635804497369d765c086defb18fbf47298303ad81ddb"
"scripts/analysis/15_Additional_robustness/15_Additional_robustness_reproduction_check.R","7310","ba419aa4664ceeec6ff62ca709663235c2c727dae0243889bf852eca95588641"
"scripts/analysis/15_Additional_robustness/README.md","2095","23699b7fd9f058737d8c2bc309ad7e97721f41f802a5ad99319301296e4f6793"
"scripts/analysis/15_Additional_robustness/run_15_Additional_robustness_full_sequential.R","2778","c31aea6779f954eeb02f9e3297f5f76157d45ec0404edfd57be9ba9a52e6828c"
"scripts/data_acquisition/00_run_data_acquisition.R","3795","9215f23a1ed5876e9d1fa88bccd1c68ca3fff7205c096468fa3692f80068aed3"
"scripts/data_acquisition/01_download_GEO_inputs.R","7565","79e7bb35cd68f35e5a5bb1a6a28ccef7cb1964b54dd346e29af4ef21da4b6dec"
"scripts/data_acquisition/02_prepare_primary_Visium_10x.R","6081","7a11e149db3d3ed7668f812e889ac0e53943d5859706b2656232b548b42fa0b6"
"scripts/data_acquisition/03_prepare_CosMx_Dryad_Slide4.R","19257","6934de3c80eacc1a91aeaf5c4acc6fd059ec4a9a7f43435fa4ff73299fa73df2"
"scripts/data_acquisition/04_prepare_external_spatial_inputs.R","7399","86c88364f4459807882620009311b6f2bc55bc6f4c0f62b0883a84dd929a9151"
"scripts/data_acquisition/05_validate_raw_data_contract.R","8649","1f734d3ae65c6a52eefa8272e64e8f5c8f10dc69359db97eb63280ddffe8fe6f"
"scripts/data_acquisition/README.md","11138","3d3dc6723db9503aa9e8795dc48f1a7fc55a111bc4b4cd3333bbf8d70162c070"
"scripts/figures/00_plot_helpers.R","711","c331f7da13887e571592a0062433503d333bf3742d54b4b08394e7154e045ce0"
"scripts/figures/Figure 7.R","25105","b64da8fcc446e2644c69c974d6180de62c185db26de005fa1f0d847cb30659c7"
"scripts/figures/Figure 8.R","25904","5b8eacb177c4cea99073a8b5eadd7895337aeff9a8278d4256d52dad8a1414f4"
"scripts/figures/Figure_2.R","8522","61b32470714f28634fe136bef3d4beca15b77d7f4e7786fc482767387e24f68b"
"scripts/figures/Figure_3.R","22386","c9bebdc01a794c75f6ed15677d4446c9f07f423de7d39088d3dede9b634386af"
"scripts/figures/Figure_4.R","7918","afe3752bb8772b397e3dc03197db110f527943ff259bac378a0a5f0b11d76ef2"
"scripts/figures/Figure_5.R","21396","543bd924468b7dadd93ecc1f2d17b4d6f22da033180823674c2d0e8eb6c102df"
"scripts/figures/Figure_6.R","20736","555e96fd74c93fc548d3a8c2833c3cf2fe5f5a8823c264a32e506b6f8a4541a8"
"scripts/figures/Figure_9_Supplementary Figure S27_Supplementary Figure S28.R","26058","36793c268e5001cbb23e20e99ea9c7ead0c553e07ce54e46d58923be0dfbc060"
"scripts/figures/run_all_figures_sequential.R","5780","1fa899fccc392160eb540e55041fbef263f97d9bce8614fa0e45ed15f4f68f02"
"scripts/figures/Supplementary Figure S10.R","5992","5051d189bea0a921d5cd07cec25c49060198fb8cb840f26ec6f56d53e3d6ff09"
"scripts/figures/Supplementary Figure S11.R","17841","cf9a0ebc96a4072589eb7a06167168582b8b83a99b7aff323b9b72db8aceab03"
"scripts/figures/Supplementary Figure S12.R","16922","894110c662f072789f5df1d2c9c90d3450f6cee6d1f1c66d95ea77e4532705b5"
"scripts/figures/Supplementary Figure S13.R","15169","9241c01f2982a5b385fb46762248eae08c05676acef113704c8872f1d23fabe8"
"scripts/figures/Supplementary Figure S14.R","12486","0d218ddfd179f4e0b4741f386c08bf3663ddfe5d267d1fe6d2de68541e785823"
"scripts/figures/Supplementary Figure S15.R","16168","9fef9ac0219ffbf630b1142e1f240a1f01c1ff8cc6db8b9492fa1cc4d070dfff"
"scripts/figures/Supplementary Figure S16.R","19856","869cf9627722654f97d8f96e7bbfb71d9a2857f334c3891833b15fc51c322081"
"scripts/figures/Supplementary Figure S17.R","21555","abf9c8a9d66f68bc39646ce4283fdbb0b12d5b3157f210e5e597a83975046533"
"scripts/figures/Supplementary Figure S18.R","19725","040889172f624aa9ba73fe765955405309ae0ea65446e3dbd28e392e5c41e549"
"scripts/figures/Supplementary Figure S19.R","24884","758eb8fad0b87101395cae693d82e766e44869d39be9819acab4b246a61a7fc8"
"scripts/figures/Supplementary Figure S2.R","9007","eb997a0e2db432e06e15d2ca399d5dbb36aa30482bcf88846f0278f737e94dc2"
"scripts/figures/Supplementary Figure S20.R","26211","ba3ef4ac661f69f8b1130505af41edaaba3ac7ff2ba3a8feed0f126dbb68688b"
"scripts/figures/Supplementary Figure S21.R","14108","906006b0ab87b2b5eb8f5979625b1c1c3c6b80bcfa8b354cb91073326c2ce33e"
"scripts/figures/Supplementary Figure S22.R","25589","e12b844e075c5f37e312f72493bc7b9791fa826ce2608cd4fa1221fbc29e5adf"
"scripts/figures/Supplementary Figure S23.R","13020","7dbcf6b177a7729738b18a7e7f89810b937ac199bcc2f5189519a6c999fbe07b"
"scripts/figures/Supplementary Figure S24.R","20237","3d0b82ec453b22bf91c71d841343612750c3014f8fda0899a1cf7009af1819f9"
"scripts/figures/Supplementary Figure S25.R","21506","a192215c1f47eeabc03ba781b25205f73155704a6e69f5faf7abc36d750d586f"
"scripts/figures/Supplementary Figure S26.R","10848","02a48d5049af8f1b9776208aa5587ca486e7b6d02f5b4b9664407285a6206766"
"scripts/figures/Supplementary Figure S29.R","9085","028331a99970d1e0bb131579b57f439d6be7a86d7f19cefeae38325d88c1547e"
"scripts/figures/Supplementary Figure S3.R","14104","57b309418c15ba237cf6a69337e74581f363db9c72415ddb879cfd36028474c4"
"scripts/figures/Supplementary Figure S30.R","19991","5b4a254207846da3b3568ea6784fa8f8e08fa1ee967a3ba866d207b1f19fde53"
"scripts/figures/Supplementary Figure S4.R","15108","d33fb1a93880a995d6fec573fb1143b68ee5cb9bac299a7875c183c4ecffaec9"
"scripts/figures/Supplementary Figure S5.R","10759","a4a0db16dd190f9dfa687b885c6d0b9d838a2331d688cd1ae49359bfe85d5348"
"scripts/figures/Supplementary Figure S6.R","15397","cdf4c3683524b19377207c7f7c9df02b61a4d5c9652fb8ee6128eac780f59993"
"scripts/figures/Supplementary Figure S7.R","9439","ca544a84514107ce4def8e6dfb3255d54123485638b800580ae0999fbbcf3a51"
"scripts/figures/Supplementary Figure S8.R","13878","63d0cdbfa806b3a4a79a0325345e8698e68e48573e106a179df1e44ff8956ecb"
"scripts/figures/Supplementary Figure S9.R","11124","f8cfaaab7e98533c56fb006871600f9ec69cd4c6e04f6153761d1b29f63d36e2"
