Name,Term,ES,NES,NOM p-val,FDR q-val,FWER p-val,Tag %,Gene %,Lead_genes,Dataset,Type,Path,Group,SourceFile,State,Direction,GeneSetVersion,NOM_p_val,FDR_q_val,FWER_p_val,Tag_percent,Gene_percent,StrategyRaw,StrategyCategory,Strategy,ComparisonType,PositiveReversal
prerank,Immune_cold_RESTORE_hybrid,0.706449514520417,2.37656008132173,0,0,0,49/86,17.55%,CXCL9;IDO1;CXCL10;SECTM1;IFIT1;IFIT3;IFNG;GBP1;IFIT2;SERPINA1;CCL4;FASLG;CCR5;GBP5;CD2;IL32;SCIMP;CXCR6;EPSTI1;TAP2;STAT1;TAP1;APOL3;GZMA;LCP1;GZMB;LAG3;PLEK;TAGAP;PSMB8;SLAMF6;CD38;B2M;PRF1;CD8B;UBE2L6;CD3D;TYMP;IL12RB1;SP140;GBP2;SLFN12L;UBASH3A;PTPN7;APBB1IP;CCL5;NKG7;NLRC5;TBX21,GSE148476_CLL_anti-PD-1+Avadomide_CD3+T-Cells,Compound,/ICBcomb_image/GSEAimages/Immune_cold_RESTORE_hybrid202605033844/Compound/CombinationControl/GSE148476_CLL_anti-PD-1+Avadomide_CD3+T-Cells.png,Combination vs. Control,ICBcomb_Immune_cold_RESTORE_hybrid_results.csv,immune-defective/cold,RESTORE,hybrid,0,0,0,49,17.55,prerank,Avadomide/IMiD + ICB,Avadomide/IMiD + ICB,Compound,TRUE
prerank,Immune_cold_RESTORE_hybrid,0.6210591147063359,2.2592815400855706,0,0,0,52/86,16.40%,GZMB;IFIT1;CD38;IFIT3;GZMH;IFIT2;STAT1;CCL5;GNLY;GBP5;HCST;KLRK1;NKG7;SERPINA1;ITGAL;PLEK;PRF1;UBE2L6;GZMA;EPSTI1;IL32;TAP1;LAG3;CXCR6;PSMB8;IL12RB1;CD2;CD3G;PSMB9;CD8B;NCKAP1L;SLA2;NLRC5;LCK;CD72;B2M;IL10RA;GBP1;IL21R;TIGIT;SAMD3;VAV1;CD3D;SASH3;CD53;SIT1;APOL3;CD74;KLHDC7B;CCR5;TBX21;IL2RG,GSE157893_HCC_anti-PD-1+IL-15_CD8+T-Cells,Compound,/ICBcomb_image/GSEAimages/Immune_cold_RESTORE_hybrid202605033844/Compound/CombinationControl/GSE157893_HCC_anti-PD-1+IL-15_CD8+T-Cells.png,Combination vs. Control,ICBcomb_Immune_cold_RESTORE_hybrid_results.csv,immune-defective/cold,RESTORE,hybrid,0,0,0,52,16.4,prerank,Cytokine/IL-15 + ICB,Cytokine/IL-15 + ICB,Compound,TRUE
prerank,Immune_cold_RESTORE_hybrid,0.6887456836295132,2.14066509147792,0,0,0,34/85,13.44%,IDO1;CXCL9;CXCL10;SECTM1;IFIT1;IFIT3;IFNG;CCL4;GBP1;IFIT2;IL32;FASLG;CCR5;SCIMP;CD2;PSMB8;GBP5;GZMA;GZMB;EPSTI1;TAP1;CXCR6;LAG3;TAP2;PLEK;APOL3;CD8B;TAGAP;B2M;LCP1;STAT1;SLAMF6;CD3D;UBE2L6,GSE148476_CLL_anti-PD-L1+Avadomide_CD3+T-Cells,Compound,/ICBcomb_image/GSEAimages/Immune_cold_RESTORE_hybrid202605033844/Compound/CombinationControl/GSE148476_CLL_anti-PD-L1+Avadomide_CD3+T-Cells.png,Combination vs. Control,ICBcomb_Immune_cold_RESTORE_hybrid_results.csv,immune-defective/cold,RESTORE,hybrid,0,0,0,34,13.44,prerank,Avadomide/IMiD + ICB,Avadomide/IMiD + ICB,Compound,TRUE
prerank,Immune_cold_RESTORE_hybrid,0.5668598885808812,1.7665841633712602,0,0,0,30/86,15.69%,SECTM1;CXCL9;IDO1;CXCL10;IFIT1;IFIT3;GBP1;LAG3;IFIT2;SCIMP;TAP2;CCL4;IFNG;CCR5;GBP5;FASLG;APOL3;TYMP;CD2;TAP1;EPSTI1;PLEK;SLAMF6;IL32;TAGAP;SERPINA1;TBX21;NLRC5;CXCR6;PDCD1,GSE148476_CLL_anti-PD-1+Avadomide_CD3+T-Cells,Compound,/ICBcomb_image/GSEAimages/Immune_cold_RESTORE_hybrid202605033844/Compound/CombinationICB/GSE148476_CLL_anti-PD-1+Avadomide_CD3+T-Cells.png,Combination vs. ICB,ICBcomb_Immune_cold_RESTORE_hybrid_results.csv,immune-defective/cold,RESTORE,hybrid,0,0,0,30,15.69,prerank,Avadomide/IMiD + ICB,Avadomide/IMiD + ICB,Compound,TRUE
prerank,Immune_cold_RESTORE_hybrid,0.6575998964832431,2.03682285773057,0,0,0,32/85,11.62%,CXCL9;IDO1;SECTM1;CXCL10;IFIT1;IFIT3;IFNG;CCL4;LAG3;IFIT2;GBP1;SCIMP;IL32;CCR5;FASLG;CD2;TYMP;EPSTI1;APOL3;KLHDC7B;IL2RG;PLEK;TAGAP;TAP2;PSMB9;SNX20;UBE2L6;SLAMF6;PSMB8;TAP1;GBP5;LCP1,GSE148476_CLL_anti-PD-L1+Avadomide_CD3+T-Cells,Compound,/ICBcomb_image/GSEAimages/Immune_cold_RESTORE_hybrid202605033844/Compound/CombinationICB/GSE148476_CLL_anti-PD-L1+Avadomide_CD3+T-Cells.png,Combination vs. ICB,ICBcomb_Immune_cold_RESTORE_hybrid_results.csv,immune-defective/cold,RESTORE,hybrid,0,0,0,32,11.62,prerank,Avadomide/IMiD + ICB,Avadomide/IMiD + ICB,Compound,TRUE
prerank,Immune_cold_RESTORE_hybrid,0.6433731513569448,2.295494552922531,0,0,0,63/86,24.16%,IDO1;FASLG;CXCL9;CXCR6;SERPINA1;CD38;SECTM1;TYMP;KLHDC7B;IL2RB;IFNG;GBP1;GBP5;CCL5;TAP2;CXCL10;IL12RB1;CCL4;SLFN12L;LCP1;STAT1;CD2;GZMB;TIGIT;TAP1;ITGAL;EPSTI1;PTPN7;UBASH3A;SAMD3;SLA2;TAGAP;IL10RA;PRF1;IFIT2;CCR5;VAV1;IL32;LAG3;IFIT3;IL2RG;CD3G;CD247;NKG7;IL21R;GZMH;CD6;IKZF3;CD8A;CD3E;SLAMF6;PTPN6;SIT1;SNX20;NLRC5;PLEK;CD3D;SCIMP;LCK;CD27;SIRPG;UBE2L6;SASH3,GSE148476_CLL_anti-PD-1+Avadomide_CD3+T-Cells,Compound,/ICBcomb_image/GSEAimages/Immune_cold_RESTORE_hybrid202605033844/Compound/CombinationDrug/GSE148476_CLL_anti-PD-1+Avadomide_CD3+T-Cells.png,Combination vs. Drug,ICBcomb_Immune_cold_RESTORE_hybrid_results.csv,immune-defective/cold,RESTORE,hybrid,0,0,0,63,24.16,prerank,Avadomide/IMiD + ICB,Avadomide/IMiD + ICB,Compound,TRUE
prerank,Immune_cold_RESTORE_hybrid,0.2854103559198801,0.9338798364193492,0.5844544095665172,0.5844544095665172,0.391,10/86,12.41%,IDO1;IFNG;CCL4;HCST;FASLG;KLHDC7B;CCL5;CXCL9;GZMB;IL2RG,GSE148476_CLL_anti-PD-L1+Avadomide_CD3+T-Cells,Compound,/ICBcomb_image/GSEAimages/Immune_cold_RESTORE_hybrid202605033844/Compound/CombinationDrug/GSE148476_CLL_anti-PD-L1+Avadomide_CD3+T-Cells.png,Combination vs. Drug,ICBcomb_Immune_cold_RESTORE_hybrid_results.csv,immune-defective/cold,RESTORE,hybrid,0.584454409566517,0.584454409566517,0.391,10,12.41,prerank,Avadomide/IMiD + ICB,Avadomide/IMiD + ICB,Compound,TRUE
prerank,Immune_cold_RESTORE_hybrid,0.66543441029677,2.68668922783024,0,0,0,47/86,14.80%,IDO1;CXCL10;SERPINA1;IFNG;CXCL9;IFIT3;IFIT1;NKG7;IL32;CCL5;GZMA;GZMH;CXCR6;IFIT2;GBP1;GZMB;B2M;FASLG;STAT1;CD8B;CD2;CD38;GBP5;CCL4;IL2RB;CD8A;CCR5;CD3G;CD27;PSMB8;CD3D;PRF1;EPSTI1;HCST;SAMD3;GZMK;LCP1;TIGIT;SIT1;SIRPG;TAP1;C16orf54;CD3E;SP140;APBB1IP;CD53;UBE2L6,GSE148476_CLL_anti-PD-1+Avadomide_CD3+T-Cells,Compound,/ICBcomb_image/GSEAimages/Immune_cold_RESTORE_hybrid202605033844/Compound/ICBControl/GSE148476_CLL_anti-PD-1+Avadomide_CD3+T-Cells.png,ICB vs. Control,ICBcomb_Immune_cold_RESTORE_hybrid_results.csv,immune-defective/cold,RESTORE,hybrid,0,0,0,47,14.8,prerank,Avadomide/IMiD + ICB,Avadomide/IMiD + ICB,Compound,TRUE
prerank,Immune_cold_RESTORE_hybrid,0.506775660801021,1.6947588904719202,0.00159235668789808,0.00159235668789808,0.001,41/82,23.34%,IFNG;IDO1;CXCL10;GZMA;PRF1;IFIT1;IFIT3;FASLG;CCL5;GBP1;CD2;B2M;CCL4;GBP5;PSMB8;GZMK;CD8B;CD8A;CXCR6;CXCL9;SAMD3;CD3D;IFIT2;STAT1;TAP1;IL32;HCST;CCR5;CD247;GBP2;SIT1;SP140;C16orf54;SLFN12L;ITGAL;CD38;TAP2;CD3G;EPSTI1;PLEK;SLA2,GSE148476_CLL_anti-PD-L1+Avadomide_CD3+T-Cells,Compound,/ICBcomb_image/GSEAimages/Immune_cold_RESTORE_hybrid202605033844/Compound/ICBControl/GSE148476_CLL_anti-PD-L1+Avadomide_CD3+T-Cells.png,ICB vs. Control,ICBcomb_Immune_cold_RESTORE_hybrid_results.csv,immune-defective/cold,RESTORE,hybrid,0.00159235668789808,0.00159235668789808,0.001,41,23.34,prerank,Avadomide/IMiD + ICB,Avadomide/IMiD + ICB,Compound,TRUE
prerank,Immune_cold_RESTORE_hybrid,0.6356485201854291,1.6093077152201498,0.00832342449464922,0.00832342449464922,0.007,13/30,11.65%,GBP5;VAV1;IL21R;CD53;TBX21;NCKAP1L;IL10RA;GBP2;EPSTI1;SP140;PSMB9;LAG3;IL2RB,E-MTAB-11058_UM_anti-PD-1+Entinostat_92-1-Cell-Line,Compound,/ICBcomb_image/GSEAimages/Immune_cold_RESTORE_hybrid202605033844/Compound/DrugControl/E-MTAB-11058_UM_anti-PD-1+Entinostat_92-1-Cell-Line.png,Drug vs. Control,ICBcomb_Immune_cold_RESTORE_hybrid_results.csv,immune-defective/cold,RESTORE,hybrid,0.008323424494649217,0.008323424494649217,0.007,13,11.65,prerank,Epigenetic therapy + ICB,Epigenetic therapy + ICB,Compound,TRUE
prerank,Immune_cold_RESTORE_hybrid,0.495394047175384,1.20744312144732,0.22182254196642687,0.22182254196642687,0.185,10/32,9.01%,SIRPG;CD53;CD3G;RASAL3;IL21R;TIGIT;NCKAP1L;PRF1;PLEK;EPSTI1,E-MTAB-11058_UM_anti-PD-1+Entinostat_MP41-Cell-Line,Compound,/ICBcomb_image/GSEAimages/Immune_cold_RESTORE_hybrid202605033844/Compound/DrugControl/E-MTAB-11058_UM_anti-PD-1+Entinostat_MP41-Cell-Line.png,Drug vs. Control,ICBcomb_Immune_cold_RESTORE_hybrid_results.csv,immune-defective/cold,RESTORE,hybrid,0.221822541966427,0.221822541966427,0.185,10,9.01,prerank,Epigenetic therapy + ICB,Epigenetic therapy + ICB,Compound,TRUE
prerank,Immune_cold_RESTORE_hybrid,0.629453437424734,1.4446937816761298,0.01893095768374165,0.01893095768374165,0.017,13/31,13.24%,IL21R;VAV1;SERPINA1;GBP5;NCKAP1L;IL10RA;GBP2;HCST;TYMP;IL2RB;CD72;LCP1;CD8A,E-MTAB-11058_UM_anti-PD-1+Entinostat_UM22-Cell-Line,Compound,/ICBcomb_image/GSEAimages/Immune_cold_RESTORE_hybrid202605033844/Compound/DrugControl/E-MTAB-11058_UM_anti-PD-1+Entinostat_UM22-Cell-Line.png,Drug vs. Control,ICBcomb_Immune_cold_RESTORE_hybrid_results.csv,immune-defective/cold,RESTORE,hybrid,0.018930957683741603,0.018930957683741603,0.017,13,13.239999999999998,prerank,Epigenetic therapy + ICB,Epigenetic therapy + ICB,Compound,TRUE
prerank,Immune_cold_RESTORE_hybrid,0.402287026703916,1.2306283508683498,0.1856060606060606,0.1856060606060606,0.147,12/42,18.71%,IRF1;SNX20;TAGAP;TAP1;INPP5D;PSMB8;SP140;APOL3;CD6;CD27;IL12RB1;TYMP,GSE141444_Lymphoma_anti-PD-1+Ascorbic-Acid_Ly1-Cell-Line,Compound,/ICBcomb_image/GSEAimages/Immune_cold_RESTORE_hybrid202605033844/Compound/DrugControl/GSE141444_Lymphoma_anti-PD-1+Ascorbic-Acid_Ly1-Cell-Line.png,Drug vs. Control,ICBcomb_Immune_cold_RESTORE_hybrid_results.csv,immune-defective/cold,RESTORE,hybrid,0.185606060606061,0.185606060606061,0.14700000000000002,12,18.71,prerank,Ascorbic acid + ICB,Ascorbic acid + ICB,Compound,TRUE
prerank,Immune_cold_RESTORE_hybrid,0.6904731106825179,2.2198046589407303,0,0,0,34/86,13.20%,CXCL9;CXCL10;IDO1;SECTM1;IFIT1;IFIT3;IFNG;IFIT2;GBP1;CCL4;SERPINA1;CCR5;GBP5;IL32;SCIMP;CD2;GZMA;EPSTI1;FASLG;APOL3;PSMB8;TAP1;STAT1;TAP2;PLEK;LAG3;CXCR6;GZMB;TAGAP;SLAMF6;LCP1;B2M;CD8B;GBP2,GSE148476_CLL_anti-PD-1+Avadomide_CD3+T-Cells,Compound,/ICBcomb_image/GSEAimages/Immune_cold_RESTORE_hybrid202605033844/Compound/DrugControl/GSE148476_CLL_anti-PD-1+Avadomide_CD3+T-Cells.png,Drug vs. Control,ICBcomb_Immune_cold_RESTORE_hybrid_results.csv,immune-defective/cold,RESTORE,hybrid,0,0,0,34,13.2,prerank,Avadomide/IMiD + ICB,Avadomide/IMiD + ICB,Compound,TRUE
prerank,Immune_cold_RESTORE_hybrid,0.6904731106825179,2.2198046589407303,0,0,0,34/86,13.20%,CXCL9;CXCL10;IDO1;SECTM1;IFIT1;IFIT3;IFNG;IFIT2;GBP1;CCL4;SERPINA1;CCR5;GBP5;IL32;SCIMP;CD2;GZMA;EPSTI1;FASLG;APOL3;PSMB8;TAP1;STAT1;TAP2;PLEK;LAG3;CXCR6;GZMB;TAGAP;SLAMF6;LCP1;B2M;CD8B;GBP2,GSE148476_CLL_anti-PD-L1+Avadomide_CD3+T-Cells,Compound,/ICBcomb_image/GSEAimages/Immune_cold_RESTORE_hybrid202605033844/Compound/DrugControl/GSE148476_CLL_anti-PD-L1+Avadomide_CD3+T-Cells.png,Drug vs. Control,ICBcomb_Immune_cold_RESTORE_hybrid_results.csv,immune-defective/cold,RESTORE,hybrid,0,0,0,34,13.2,prerank,Avadomide/IMiD + ICB,Avadomide/IMiD + ICB,Compound,TRUE
prerank,Myeloid_Treg_SUPPRESS_hybrid,0.6737563413571458,2.20801802398654,0,0,0,39/65,14.74%,SPP1;LILRB2;CCR8;ENTPD1;TNFAIP8L2;SERPINA1;LYZ;HCK;CCL3;DAPP1;IL1B;S100A9;CD14;IL32;S100A8;IL2RA;CXCL8;RFTN1;LCP1;GZMB;TNFAIP8;TMEM176B;PLEK;TAGAP;IL15RA;PIK3AP1;PTPRC;FCER1G;ITGB2;FAM107B;AIF1;SRGN;CD3D;FCGR3A;IKZF2;RBM47;CSF2RB;LAPTM5;DOK2,GSE148476_CLL_anti-PD-1+Avadomide_CD3+T-Cells,Compound,/ICBcomb_image/GSEAimages/Myeloid_Treg_SUPPRESS_hybrid202605031166/Compound/CombinationControl/GSE148476_CLL_anti-PD-1+Avadomide_CD3+T-Cells.png,Combination vs. Control,ICBcomb_Myeloid_Treg_SUPPRESS_hybrid_results.csv,myeloid–Treg immunosuppressive,SUPPRESS,hybrid,0,0,0,39,14.739999999999998,prerank,Avadomide/IMiD + ICB,Avadomide/IMiD + ICB,Compound,TRUE
prerank,Myeloid_Treg_SUPPRESS_hybrid,-0.436560158895336,-1.3498196137320198,0.07109004739336493,0.07109004739336493,0.07109004739336493,10/62,3.48%,SPP1;LYZ;C1QC;C1QB;HCK;CD14;HK3;TMEM176B;CSF2RB;CYBB,GSE157893_HCC_anti-PD-1+IL-15_CD8+T-Cells,Compound,/ICBcomb_image/GSEAimages/Myeloid_Treg_SUPPRESS_hybrid202605031166/Compound/CombinationControl/GSE157893_HCC_anti-PD-1+IL-15_CD8+T-Cells.png,Combination vs. Control,ICBcomb_Myeloid_Treg_SUPPRESS_hybrid_results.csv,myeloid–Treg immunosuppressive,SUPPRESS,hybrid,0.0710900473933649,0.0710900473933649,0.0710900473933649,10,3.48,prerank,Cytokine/IL-15 + ICB,Cytokine/IL-15 + ICB,Compound,FALSE
prerank,Myeloid_Treg_SUPPRESS_hybrid,0.714405543656982,2.1158889805934895,0,0,0,34/63,13.14%,SPP1;LILRB2;HCK;TNFAIP8L2;ENTPD1;CCL3;LYZ;IL1B;TMEM176B;CCR8;CXCL8;IL32;CD14;DAPP1;S100A9;TMEM176A;AIF1;GZMB;RFTN1;TNFAIP8;FCER1G;PLEK;PIK3AP1;LST1;IL15RA;SRGN;IL2RA;TAGAP;LCP1;RBM47;FCGR3A;LAPTM5;CSF2RB;CD3D,GSE148476_CLL_anti-PD-L1+Avadomide_CD3+T-Cells,Compound,/ICBcomb_image/GSEAimages/Myeloid_Treg_SUPPRESS_hybrid202605031166/Compound/CombinationControl/GSE148476_CLL_anti-PD-L1+Avadomide_CD3+T-Cells.png,Combination vs. Control,ICBcomb_Myeloid_Treg_SUPPRESS_hybrid_results.csv,myeloid–Treg immunosuppressive,SUPPRESS,hybrid,0,0,0,34,13.139999999999999,prerank,Avadomide/IMiD + ICB,Avadomide/IMiD + ICB,Compound,TRUE
prerank,Myeloid_Treg_SUPPRESS_hybrid,0.47973320779103695,1.4523524817672702,0.03795811518324607,0.03795811518324607,0.029,30/65,19.51%,ENTPD1;LILRB2;TNFAIP8L2;CCR8;DAPP1;S100A9;CCL3;CD14;HCK;LYZ;IL1B;RFTN1;CSF2RB;PIK3AP1;RBM47;PLEK;LAPTM5;IL2RA;IL32;TAGAP;SERPINA1;TNFAIP8;AIF1;PTPRC;LCP1;TMEM176B;CXCL8;SNX20;FAM107B;IKZF2,GSE148476_CLL_anti-PD-1+Avadomide_CD3+T-Cells,Compound,/ICBcomb_image/GSEAimages/Myeloid_Treg_SUPPRESS_hybrid202605031166/Compound/CombinationICB/GSE148476_CLL_anti-PD-1+Avadomide_CD3+T-Cells.png,Combination vs. ICB,ICBcomb_Myeloid_Treg_SUPPRESS_hybrid_results.csv,myeloid–Treg immunosuppressive,SUPPRESS,hybrid,0.037958115183246106,0.037958115183246106,0.028999999999999998,30,19.51,prerank,Avadomide/IMiD + ICB,Avadomide/IMiD + ICB,Compound,TRUE
prerank,Myeloid_Treg_SUPPRESS_hybrid,0.667917037478,1.9787325123848098,0,0,0,33/63,15.69%,HCK;TNFAIP8L2;ENTPD1;LYZ;CD14;IL1B;TMEM176B;LILRB2;CCL3;TMEM176A;IL32;DAPP1;RFTN1;FCER1G;AIF1;PIK3AP1;RBM47;TNFRSF18;SPP1;CXCL8;CSF2RB;IL15RA;PLEK;TAGAP;SNX20;TNFAIP8;LST1;LAPTM5;LCP1;FAM107B;S100A9;IL2RA;SRGN,GSE148476_CLL_anti-PD-L1+Avadomide_CD3+T-Cells,Compound,/ICBcomb_image/GSEAimages/Myeloid_Treg_SUPPRESS_hybrid202605031166/Compound/CombinationICB/GSE148476_CLL_anti-PD-L1+Avadomide_CD3+T-Cells.png,Combination vs. ICB,ICBcomb_Myeloid_Treg_SUPPRESS_hybrid_results.csv,myeloid–Treg immunosuppressive,SUPPRESS,hybrid,0,0,0,33,15.69,prerank,Avadomide/IMiD + ICB,Avadomide/IMiD + ICB,Compound,TRUE
prerank,Myeloid_Treg_SUPPRESS_hybrid,0.2836148027322741,0.9569026671805921,0.6011904761904762,0.6011904761904762,0.101,34/65,21.04%,HCK;SERPINA1;TMEM176B;TNFRSF18;IL1B;IL2RA;CCR8;CCL3;LCP1;RFTN1;FCER1G;DAPP1;GZMB;TIGIT;DOK2;FOXP3;ITGB2;IL15RA;IKZF2;TAGAP;PTPRC;PTPN22;ENTPD1;IL32;CD247;TNFAIP8L2;CTSC;PTPN6;TYROBP;SIT1;SNX20;PLEK;CD3D;RGL4,GSE148476_CLL_anti-PD-1+Avadomide_CD3+T-Cells,Compound,/ICBcomb_image/GSEAimages/Myeloid_Treg_SUPPRESS_hybrid202605031166/Compound/CombinationDrug/GSE148476_CLL_anti-PD-1+Avadomide_CD3+T-Cells.png,Combination vs. Drug,ICBcomb_Myeloid_Treg_SUPPRESS_hybrid_results.csv,myeloid–Treg immunosuppressive,SUPPRESS,hybrid,0.6011904761904762,0.6011904761904762,0.101,34,21.04,prerank,Avadomide/IMiD + ICB,Avadomide/IMiD + ICB,Compound,TRUE
prerank,Myeloid_Treg_SUPPRESS_hybrid,0.355959899400261,1.1041402603682502,0.29754601226993865,0.29754601226993865,0.194,24/64,25.62%,HCK;TMEM176B;TNFRSF18;IL1B;CCL3;HCST;FCER1G;CD300LF;AIF1;GZMB;LST1;RGL4;IL32;CXCL8;SLC7A7;MNDA;SRGN;TYROBP;TNFAIP8L2;DOK2;CD52;NCF4;IL15RA;SERPINA1,GSE148476_CLL_anti-PD-L1+Avadomide_CD3+T-Cells,Compound,/ICBcomb_image/GSEAimages/Myeloid_Treg_SUPPRESS_hybrid202605031166/Compound/CombinationDrug/GSE148476_CLL_anti-PD-L1+Avadomide_CD3+T-Cells.png,Combination vs. Drug,ICBcomb_Myeloid_Treg_SUPPRESS_hybrid_results.csv,myeloid–Treg immunosuppressive,SUPPRESS,hybrid,0.29754601226993904,0.29754601226993904,0.194,24,25.62,prerank,Avadomide/IMiD + ICB,Avadomide/IMiD + ICB,Compound,TRUE
prerank,Myeloid_Treg_SUPPRESS_hybrid,0.6141579651469058,2.40569751689909,0,0,0,37/65,14.87%,SPP1;S100A8;SERPINA1;LYZ;HCK;IL32;TYROBP;CD48;GZMB;CCL3;IL1B;CXCL8;CCR8;IL2RA;CD3D;FCGR3A;HCST;STK17B;TMEM176A;ITGB2;DAPP1;LCP1;TIGIT;FCER1G;SIT1;TMEM176B;FOXP3;IL15RA;TNFAIP8;CTSC;DOK2;SRGN;CD52;CD14;LILRB2;CD53;TNFAIP8L2,GSE148476_CLL_anti-PD-1+Avadomide_CD3+T-Cells,Compound,/ICBcomb_image/GSEAimages/Myeloid_Treg_SUPPRESS_hybrid202605031166/Compound/ICBControl/GSE148476_CLL_anti-PD-1+Avadomide_CD3+T-Cells.png,ICB vs. Control,ICBcomb_Myeloid_Treg_SUPPRESS_hybrid_results.csv,myeloid–Treg immunosuppressive,SUPPRESS,hybrid,0,0,0,37,14.870000000000001,prerank,Avadomide/IMiD + ICB,Avadomide/IMiD + ICB,Compound,TRUE
prerank,Myeloid_Treg_SUPPRESS_hybrid,0.5956128632532509,1.8956004829843198,0,0,0,32/62,22.93%,SPP1;CCR8;LILRB2;CXCL8;S100A9;CCL3;CD48;ITGB2;RGL4;TYROBP;DOK2;CD3D;AIF1;FCGR3A;IL1B;TNFAIP8;SRGN;IL32;HCST;CD247;DAPP1;TNFAIP8L2;IL2RA;STK17B;SIT1;CD52;ENTPD1;IKZF2;CTSC;LST1;HCK;PLEK,GSE148476_CLL_anti-PD-L1+Avadomide_CD3+T-Cells,Compound,/ICBcomb_image/GSEAimages/Myeloid_Treg_SUPPRESS_hybrid202605031166/Compound/ICBControl/GSE148476_CLL_anti-PD-L1+Avadomide_CD3+T-Cells.png,ICB vs. Control,ICBcomb_Myeloid_Treg_SUPPRESS_hybrid_results.csv,myeloid–Treg immunosuppressive,SUPPRESS,hybrid,0,0,0,32,22.93,prerank,Avadomide/IMiD + ICB,Avadomide/IMiD + ICB,Compound,TRUE
prerank,Myeloid_Treg_SUPPRESS_hybrid,0.7013462202769488,1.67769038694087,0.0048602673147023,0.0048602673147023,0.004,10/22,13.16%,SPP1;CXCL8;CSF2RB;CD53;BIN2;PTPRC;ST8SIA4;IL15RA;CYBB;RBM47,E-MTAB-11058_UM_anti-PD-1+Entinostat_92-1-Cell-Line,Compound,/ICBcomb_image/GSEAimages/Myeloid_Treg_SUPPRESS_hybrid202605031166/Compound/DrugControl/E-MTAB-11058_UM_anti-PD-1+Entinostat_92-1-Cell-Line.png,Drug vs. Control,ICBcomb_Myeloid_Treg_SUPPRESS_hybrid_results.csv,myeloid–Treg immunosuppressive,SUPPRESS,hybrid,0.0048602673147022995,0.0048602673147022995,0.004,10,13.16,prerank,Epigenetic therapy + ICB,Epigenetic therapy + ICB,Compound,TRUE
prerank,Myeloid_Treg_SUPPRESS_hybrid,0.588775339144292,1.43500791477668,0.04710144927536232,0.04710144927536232,0.039,9/29,9.90%,CYBB;MNDA;CD53;DAPP1;TIGIT;BIN2;CXCL8;PLEK;ST8SIA4,E-MTAB-11058_UM_anti-PD-1+Entinostat_MP41-Cell-Line,Compound,/ICBcomb_image/GSEAimages/Myeloid_Treg_SUPPRESS_hybrid202605031166/Compound/DrugControl/E-MTAB-11058_UM_anti-PD-1+Entinostat_MP41-Cell-Line.png,Drug vs. Control,ICBcomb_Myeloid_Treg_SUPPRESS_hybrid_results.csv,myeloid–Treg immunosuppressive,SUPPRESS,hybrid,0.047101449275362306,0.047101449275362306,0.039,9,9.9,prerank,Epigenetic therapy + ICB,Epigenetic therapy + ICB,Compound,TRUE
prerank,Myeloid_Treg_SUPPRESS_hybrid,0.738395619831779,1.6338458107037501,0,0,0,17/25,22.54%,SERPINA1;BIN2;PIK3AP1;CD14;TMEM176B;TREM1;SRGN;HCST;ST8SIA4;LCP1;RBM47;ITGB2;IL1B;CXCL8;IKZF2;FAM107B;ENTPD1,E-MTAB-11058_UM_anti-PD-1+Entinostat_UM22-Cell-Line,Compound,/ICBcomb_image/GSEAimages/Myeloid_Treg_SUPPRESS_hybrid202605031166/Compound/DrugControl/E-MTAB-11058_UM_anti-PD-1+Entinostat_UM22-Cell-Line.png,Drug vs. Control,ICBcomb_Myeloid_Treg_SUPPRESS_hybrid_results.csv,myeloid–Treg immunosuppressive,SUPPRESS,hybrid,0,0,0,17,22.54,prerank,Epigenetic therapy + ICB,Epigenetic therapy + ICB,Compound,TRUE
prerank,Myeloid_Treg_SUPPRESS_hybrid,0.464553366080292,1.3213271976158099,0.12433862433862432,0.12433862433862432,0.094,6/31,8.99%,ITGB2;CYBB;NCF4;SNX20;TAGAP;ST8SIA4,GSE141444_Lymphoma_anti-PD-1+Ascorbic-Acid_Ly1-Cell-Line,Compound,/ICBcomb_image/GSEAimages/Myeloid_Treg_SUPPRESS_hybrid202605031166/Compound/DrugControl/GSE141444_Lymphoma_anti-PD-1+Ascorbic-Acid_Ly1-Cell-Line.png,Drug vs. Control,ICBcomb_Myeloid_Treg_SUPPRESS_hybrid_results.csv,myeloid–Treg immunosuppressive,SUPPRESS,hybrid,0.12433862433862401,0.12433862433862401,0.094,6,8.99,prerank,Ascorbic acid + ICB,Ascorbic acid + ICB,Compound,TRUE
prerank,Myeloid_Treg_SUPPRESS_hybrid,0.6786400471634241,2.06611617382189,0,0,0,36/64,16.77%,LILRB2;SPP1;ENTPD1;CCR8;TNFAIP8L2;LYZ;CD14;S100A9;DAPP1;CCL3;SERPINA1;TMEM176A;CXCL8;IL32;IL1B;HCK;PIK3AP1;TNFAIP8;RBM47;RFTN1;PLEK;LAPTM5;AIF1;IL2RA;GZMB;TAGAP;LCP1;IL15RA;FAM107B;FCGR3A;SRGN;PTPRC;LST1;CSF2RB;CD3D;ITGB2,GSE148476_CLL_anti-PD-1+Avadomide_CD3+T-Cells,Compound,/ICBcomb_image/GSEAimages/Myeloid_Treg_SUPPRESS_hybrid202605031166/Compound/DrugControl/GSE148476_CLL_anti-PD-1+Avadomide_CD3+T-Cells.png,Drug vs. Control,ICBcomb_Myeloid_Treg_SUPPRESS_hybrid_results.csv,myeloid–Treg immunosuppressive,SUPPRESS,hybrid,0,0,0,36,16.77,prerank,Avadomide/IMiD + ICB,Avadomide/IMiD + ICB,Compound,TRUE
prerank,Myeloid_Treg_SUPPRESS_hybrid,0.6786400471634241,2.06611617382189,0,0,0,36/64,16.77%,LILRB2;SPP1;ENTPD1;CCR8;TNFAIP8L2;LYZ;CD14;S100A9;DAPP1;CCL3;SERPINA1;TMEM176A;CXCL8;IL32;IL1B;HCK;PIK3AP1;TNFAIP8;RBM47;RFTN1;PLEK;LAPTM5;AIF1;IL2RA;GZMB;TAGAP;LCP1;IL15RA;FAM107B;FCGR3A;SRGN;PTPRC;LST1;CSF2RB;CD3D;ITGB2,GSE148476_CLL_anti-PD-L1+Avadomide_CD3+T-Cells,Compound,/ICBcomb_image/GSEAimages/Myeloid_Treg_SUPPRESS_hybrid202605031166/Compound/DrugControl/GSE148476_CLL_anti-PD-L1+Avadomide_CD3+T-Cells.png,Drug vs. Control,ICBcomb_Myeloid_Treg_SUPPRESS_hybrid_results.csv,myeloid–Treg immunosuppressive,SUPPRESS,hybrid,0,0,0,36,16.77,prerank,Avadomide/IMiD + ICB,Avadomide/IMiD + ICB,Compound,TRUE
prerank,Tumor_dedifferentiation_SUPPRESS_hybrid,0.520073326829494,1.65565535186319,0.00567107750472589,0.00567107750472589,0.003,20/60,7.71%,VCAN;INHBA;SERPINE1;NHS;C1R;COL5A1;WNT5A;MYOF;COL5A2;SOCS3;COL6A1;PLAUR;ADAM19;CALHM2;OSMR;COL6A3;SH2B3;UNC5B;ITGA5;ECE1,GSE148476_CLL_anti-PD-1+Avadomide_CD3+T-Cells,Compound,/ICBcomb_image/GSEAimages/Tumor_dedifferentiation_SUPPRESS_hybrid202605032450/Compound/CombinationControl/GSE148476_CLL_anti-PD-1+Avadomide_CD3+T-Cells.png,Combination vs. Control,ICBcomb_Tumor_dedifferentiation_SUPPRESS_hybrid_results.csv,tumor-dedifferentiation/stromal-remodeling,SUPPRESS,hybrid,0.005671077504725889,0.005671077504725889,0.003,20,7.71,prerank,Avadomide/IMiD + ICB,Avadomide/IMiD + ICB,Compound,TRUE
prerank,Tumor_dedifferentiation_SUPPRESS_hybrid,-0.5905268431512749,-1.78323022626363,0.00161290322580645,0.00161290322580645,0.00161290322580645,24/54,11.63%,MMP9;MMP2;COL3A1;ANPEP;SERPINE1;COL5A1;AXL;THBS1;COL1A2;ADAM12;ITGA5;COL5A2;LTBP2;CLMP;FAM20C;TIMP1;PLAUR;LOXL2;PODXL;FN1;IFNGR2;NHS;TP53I11;COL6A1,GSE157893_HCC_anti-PD-1+IL-15_CD8+T-Cells,Compound,/ICBcomb_image/GSEAimages/Tumor_dedifferentiation_SUPPRESS_hybrid202605032450/Compound/CombinationControl/GSE157893_HCC_anti-PD-1+IL-15_CD8+T-Cells.png,Combination vs. Control,ICBcomb_Tumor_dedifferentiation_SUPPRESS_hybrid_results.csv,tumor-dedifferentiation/stromal-remodeling,SUPPRESS,hybrid,0.00161290322580645,0.00161290322580645,0.00161290322580645,24,11.629999999999999,prerank,Cytokine/IL-15 + ICB,Cytokine/IL-15 + ICB,Compound,FALSE
prerank,Tumor_dedifferentiation_SUPPRESS_hybrid,0.560497811072358,1.6287408999916102,0.00520156046814044,0.00520156046814044,0.004,21/57,11.72%,SERPINE1;VCAN;INHBA;C1R;NHS;COL5A1;PLAUR;MYOF;COL5A2;UNC5B;SOCS3;COL6A1;CALHM2;ADAM19;TIMP1;ITGA5;TPBG;PRRX2;NGFR;SH2B3;ECE1,GSE148476_CLL_anti-PD-L1+Avadomide_CD3+T-Cells,Compound,/ICBcomb_image/GSEAimages/Tumor_dedifferentiation_SUPPRESS_hybrid202605032450/Compound/CombinationControl/GSE148476_CLL_anti-PD-L1+Avadomide_CD3+T-Cells.png,Combination vs. Control,ICBcomb_Tumor_dedifferentiation_SUPPRESS_hybrid_results.csv,tumor-dedifferentiation/stromal-remodeling,SUPPRESS,hybrid,0.005201560468140439,0.005201560468140439,0.004,21,11.719999999999999,prerank,Avadomide/IMiD + ICB,Avadomide/IMiD + ICB,Compound,TRUE
prerank,Tumor_dedifferentiation_SUPPRESS_hybrid,0.593665597192852,1.7292270455352299,0.00133689839572192,0.00133689839572192,0.001,21/57,10.45%,SERPINE1;VCAN;INHBA;C1R;NHS;UNC5B;TPBG;PLAUR;OSMR;MMP9;ITGA5;WNT5A;SOCS3;ECE1;CALHM2;COL6A1;ADAM19;AXL;MYOF;SH2B3;COL6A3,GSE148476_CLL_anti-PD-1+Avadomide_CD3+T-Cells,Compound,/ICBcomb_image/GSEAimages/Tumor_dedifferentiation_SUPPRESS_hybrid202605032450/Compound/CombinationICB/GSE148476_CLL_anti-PD-1+Avadomide_CD3+T-Cells.png,Combination vs. ICB,ICBcomb_Tumor_dedifferentiation_SUPPRESS_hybrid_results.csv,tumor-dedifferentiation/stromal-remodeling,SUPPRESS,hybrid,0.00133689839572192,0.00133689839572192,0.001,21,10.450000000000001,prerank,Avadomide/IMiD + ICB,Avadomide/IMiD + ICB,Compound,TRUE
prerank,Tumor_dedifferentiation_SUPPRESS_hybrid,0.591995778760195,1.71575254455924,0,0,0,26/56,14.20%,SERPINE1;VCAN;INHBA;C1R;NHS;WNT5A;PLAUR;MMP9;COL6A1;SOCS3;COL5A1;CALHM2;ECE1;NGFR;COL5A2;ADAM19;PXDN;SH2B3;PLAU;TIMP1;MMP2;UNC5B;MYOF;CSRNP1;ITGA5;ANPEP,GSE148476_CLL_anti-PD-L1+Avadomide_CD3+T-Cells,Compound,/ICBcomb_image/GSEAimages/Tumor_dedifferentiation_SUPPRESS_hybrid202605032450/Compound/CombinationICB/GSE148476_CLL_anti-PD-L1+Avadomide_CD3+T-Cells.png,Combination vs. ICB,ICBcomb_Tumor_dedifferentiation_SUPPRESS_hybrid_results.csv,tumor-dedifferentiation/stromal-remodeling,SUPPRESS,hybrid,0,0,0,26,14.2,prerank,Avadomide/IMiD + ICB,Avadomide/IMiD + ICB,Compound,TRUE
prerank,Tumor_dedifferentiation_SUPPRESS_hybrid,0.36291870225550904,1.20875552735452,0.12154696132596685,0.12154696132596685,0.022,20/56,11.93%,NHS;COL6A3;OSMR;TNC;INHBA;SERPINE1;WNT5A;PXDN;CLMP;VDR;C1R;ADAM12;SOCS3;COL6A1;SH2B3;FOSL2;ECE1;CALHM2;VCAN;ADAM19,GSE148476_CLL_anti-PD-1+Avadomide_CD3+T-Cells,Compound,/ICBcomb_image/GSEAimages/Tumor_dedifferentiation_SUPPRESS_hybrid202605032450/Compound/CombinationDrug/GSE148476_CLL_anti-PD-1+Avadomide_CD3+T-Cells.png,Combination vs. Drug,ICBcomb_Tumor_dedifferentiation_SUPPRESS_hybrid_results.csv,tumor-dedifferentiation/stromal-remodeling,SUPPRESS,hybrid,0.121546961325967,0.121546961325967,0.022,20,11.93,prerank,Avadomide/IMiD + ICB,Avadomide/IMiD + ICB,Compound,TRUE
prerank,Tumor_dedifferentiation_SUPPRESS_hybrid,0.333391560053619,1.0122329204736102,0.4435483870967742,0.4435483870967742,0.275,15/55,13.09%,WNT5A;SERPINE1;PXDN;TNC;COL5A1;PLAU;NGFR;C1R;INHBA;VDR;NHS;TGFB3;COL5A2;ANPEP;VIM,GSE148476_CLL_anti-PD-L1+Avadomide_CD3+T-Cells,Compound,/ICBcomb_image/GSEAimages/Tumor_dedifferentiation_SUPPRESS_hybrid202605032450/Compound/CombinationDrug/GSE148476_CLL_anti-PD-L1+Avadomide_CD3+T-Cells.png,Combination vs. Drug,ICBcomb_Tumor_dedifferentiation_SUPPRESS_hybrid_results.csv,tumor-dedifferentiation/stromal-remodeling,SUPPRESS,hybrid,0.443548387096774,0.443548387096774,0.275,15,13.09,prerank,Avadomide/IMiD + ICB,Avadomide/IMiD + ICB,Compound,TRUE
prerank,Tumor_dedifferentiation_SUPPRESS_hybrid,-0.34640319183084606,-1.03721926095611,0.420863309352518,0.420863309352518,0.420863309352518,11/61,9.17%,MRC2;UNC5B;SERPINE1;TPBG;ANPEP;NGFR;COLEC12;MMP9;MMP2;COL1A1;COL12A1,GSE148476_CLL_anti-PD-1+Avadomide_CD3+T-Cells,Compound,/ICBcomb_image/GSEAimages/Tumor_dedifferentiation_SUPPRESS_hybrid202605032450/Compound/ICBControl/GSE148476_CLL_anti-PD-1+Avadomide_CD3+T-Cells.png,ICB vs. Control,ICBcomb_Tumor_dedifferentiation_SUPPRESS_hybrid_results.csv,tumor-dedifferentiation/stromal-remodeling,SUPPRESS,hybrid,0.4208633093525181,0.4208633093525181,0.4208633093525181,11,9.17,prerank,Avadomide/IMiD + ICB,Avadomide/IMiD + ICB,Compound,FALSE
prerank,Tumor_dedifferentiation_SUPPRESS_hybrid,0.4458556846348731,1.4139017920323993,0.06351791530944625,0.06351791530944625,0.039,17/58,12.14%,COL5A1;NHS;VCAN;MYOF;COL5A2;AXL;FN1;C1R;NID2;INHBA;ADAM12;UNC5B;TPBG;COL6A2;PLAUR;FBN1;THBS1,GSE148476_CLL_anti-PD-L1+Avadomide_CD3+T-Cells,Compound,/ICBcomb_image/GSEAimages/Tumor_dedifferentiation_SUPPRESS_hybrid202605032450/Compound/ICBControl/GSE148476_CLL_anti-PD-L1+Avadomide_CD3+T-Cells.png,ICB vs. Control,ICBcomb_Tumor_dedifferentiation_SUPPRESS_hybrid_results.csv,tumor-dedifferentiation/stromal-remodeling,SUPPRESS,hybrid,0.06351791530944627,0.06351791530944627,0.039,17,12.139999999999999,prerank,Avadomide/IMiD + ICB,Avadomide/IMiD + ICB,Compound,TRUE
prerank,Tumor_dedifferentiation_SUPPRESS_hybrid,0.645705797096768,1.7961455210629302,0,0,0,24/66,10.08%,NGFR;ANO1;COL12A1;PODXL;COLEC12;EGFR;NHS;COL5A1;MRC2;MMP9;SERPINE1;TNC;FNDC1;OLFML2B;PXDN;LOXL2;INHBA;ADAM19;GPC6;CSRNP1;FN1;LUM;UNC5B;NGEF,E-MTAB-11058_UM_anti-PD-1+Entinostat_92-1-Cell-Line,Compound,/ICBcomb_image/GSEAimages/Tumor_dedifferentiation_SUPPRESS_hybrid202605032450/Compound/DrugControl/E-MTAB-11058_UM_anti-PD-1+Entinostat_92-1-Cell-Line.png,Drug vs. Control,ICBcomb_Tumor_dedifferentiation_SUPPRESS_hybrid_results.csv,tumor-dedifferentiation/stromal-remodeling,SUPPRESS,hybrid,0,0,0,24,10.08,prerank,Epigenetic therapy + ICB,Epigenetic therapy + ICB,Compound,TRUE
prerank,Tumor_dedifferentiation_SUPPRESS_hybrid,0.6647393431278009,1.8212523181354,0,0,0,40/73,15.41%,COL1A2;FST;THY1;COL6A3;TNC;NHS;EGFR;NGFR;INHBA;PXDN;LPAR1;COL5A1;MMP9;ADAMTS12;MMP2;OLFML2B;CLMP;FNDC1;COL3A1;COLEC12;COL12A1;COL5A2;TGFBI;SOX9;ADAM19;NID2;COL1A1;LUM;DCN;FN1;CSRNP1;RUNX1;GALNT10;UNC5B;TPBG;NGEF;MRC2;COL15A1;THBS1;VCAN,E-MTAB-11058_UM_anti-PD-1+Entinostat_MP41-Cell-Line,Compound,/ICBcomb_image/GSEAimages/Tumor_dedifferentiation_SUPPRESS_hybrid202605032450/Compound/DrugControl/E-MTAB-11058_UM_anti-PD-1+Entinostat_MP41-Cell-Line.png,Drug vs. Control,ICBcomb_Tumor_dedifferentiation_SUPPRESS_hybrid_results.csv,tumor-dedifferentiation/stromal-remodeling,SUPPRESS,hybrid,0,0,0,40,15.41,prerank,Epigenetic therapy + ICB,Epigenetic therapy + ICB,Compound,TRUE
prerank,Tumor_dedifferentiation_SUPPRESS_hybrid,0.575737170072151,1.43010483732372,0.0134575569358178,0.0134575569358178,0.013,36/69,26.98%,ANPEP;NHS;MMP2;MMP9;COL6A3;TNC;NID2;COL1A1;COL5A1;PODXL;NGFR;ANO1;TGFBI;COLEC12;OSMR;COL12A1;SOCS3;INHBA;UNC5B;MRC2;NGEF;CDH11;ECE1;COL6A2;GALNT10;CSRNP1;C1R;RUNX1;ADAM19;VCAN;SOX9;GPC6;TP53I11;BICC1;LTBP2;PRRX2,E-MTAB-11058_UM_anti-PD-1+Entinostat_UM22-Cell-Line,Compound,/ICBcomb_image/GSEAimages/Tumor_dedifferentiation_SUPPRESS_hybrid202605032450/Compound/DrugControl/E-MTAB-11058_UM_anti-PD-1+Entinostat_UM22-Cell-Line.png,Drug vs. Control,ICBcomb_Tumor_dedifferentiation_SUPPRESS_hybrid_results.csv,tumor-dedifferentiation/stromal-remodeling,SUPPRESS,hybrid,0.013457556935817802,0.013457556935817802,0.013000000000000001,36,26.979999999999997,prerank,Epigenetic therapy + ICB,Epigenetic therapy + ICB,Compound,TRUE
prerank,Tumor_dedifferentiation_SUPPRESS_hybrid,0.4789507792360281,1.23522283072629,0.20232896652110627,0.20232896652110627,0.139,6/20,12.15%,FN1;LTBP2;FOSL2;LOXL2;RASA4B;CSRNP1,GSE141444_Lymphoma_anti-PD-1+Ascorbic-Acid_Ly1-Cell-Line,Compound,/ICBcomb_image/GSEAimages/Tumor_dedifferentiation_SUPPRESS_hybrid202605032450/Compound/DrugControl/GSE141444_Lymphoma_anti-PD-1+Ascorbic-Acid_Ly1-Cell-Line.png,Drug vs. Control,ICBcomb_Tumor_dedifferentiation_SUPPRESS_hybrid_results.csv,tumor-dedifferentiation/stromal-remodeling,SUPPRESS,hybrid,0.20232896652110602,0.20232896652110602,0.139,6,12.15,prerank,Ascorbic acid + ICB,Ascorbic acid + ICB,Compound,TRUE
prerank,Tumor_dedifferentiation_SUPPRESS_hybrid,0.5970200546883871,1.7430511868943,0,0,0,20/55,9.99%,VCAN;SERPINE1;INHBA;C1R;NHS;MYOF;UNC5B;COL5A1;TPBG;PLAUR;COL5A2;AXL;ADAM19;SOCS3;CALHM2;ITGA5;COL6A1;FN1;SH2B3;ECE1,GSE148476_CLL_anti-PD-1+Avadomide_CD3+T-Cells,Compound,/ICBcomb_image/GSEAimages/Tumor_dedifferentiation_SUPPRESS_hybrid202605032450/Compound/DrugControl/GSE148476_CLL_anti-PD-1+Avadomide_CD3+T-Cells.png,Drug vs. Control,ICBcomb_Tumor_dedifferentiation_SUPPRESS_hybrid_results.csv,tumor-dedifferentiation/stromal-remodeling,SUPPRESS,hybrid,0,0,0,20,9.99,prerank,Avadomide/IMiD + ICB,Avadomide/IMiD + ICB,Compound,TRUE
prerank,Tumor_dedifferentiation_SUPPRESS_hybrid,0.5970200546883871,1.7430511868943,0,0,0,20/55,9.99%,VCAN;SERPINE1;INHBA;C1R;NHS;MYOF;UNC5B;COL5A1;TPBG;PLAUR;COL5A2;AXL;ADAM19;SOCS3;CALHM2;ITGA5;COL6A1;FN1;SH2B3;ECE1,GSE148476_CLL_anti-PD-L1+Avadomide_CD3+T-Cells,Compound,/ICBcomb_image/GSEAimages/Tumor_dedifferentiation_SUPPRESS_hybrid202605032450/Compound/DrugControl/GSE148476_CLL_anti-PD-L1+Avadomide_CD3+T-Cells.png,Drug vs. Control,ICBcomb_Tumor_dedifferentiation_SUPPRESS_hybrid_results.csv,tumor-dedifferentiation/stromal-remodeling,SUPPRESS,hybrid,0,0,0,20,9.99,prerank,Avadomide/IMiD + ICB,Avadomide/IMiD + ICB,Compound,TRUE
