"state","gene"
"Immune_defective_Cold","AOAH"
"Immune_defective_Cold","APBB1IP"
"Immune_defective_Cold","APOL3"
"Immune_defective_Cold","ARHGAP9"
"Immune_defective_Cold","B2M"
"Immune_defective_Cold","BIN2"
"Immune_defective_Cold","C16ORF54"
"Immune_defective_Cold","C1QB"
"Immune_defective_Cold","C1QC"
"Immune_defective_Cold","CCL4"
"Immune_defective_Cold","CCL5"
"Immune_defective_Cold","CCR5"
"Immune_defective_Cold","CD2"
"Immune_defective_Cold","CD247"
"Immune_defective_Cold","CD27"
"Immune_defective_Cold","CD38"
"Immune_defective_Cold","CD3D"
"Immune_defective_Cold","CD3E"
"Immune_defective_Cold","CD3G"
"Immune_defective_Cold","CD53"
"Immune_defective_Cold","CD6"
"Immune_defective_Cold","CD72"
"Immune_defective_Cold","CD74"
"Immune_defective_Cold","CD8A"
"Immune_defective_Cold","CD8B"
"Immune_defective_Cold","CTSS"
"Immune_defective_Cold","CTSW"
"Immune_defective_Cold","CXCL10"
"Immune_defective_Cold","CXCL9"
"Immune_defective_Cold","CXCR6"
"Immune_defective_Cold","EPSTI1"
"Immune_defective_Cold","FASLG"
"Immune_defective_Cold","GBP1"
"Immune_defective_Cold","GBP2"
"Immune_defective_Cold","GBP5"
"Immune_defective_Cold","GIMAP6"
"Immune_defective_Cold","GNLY"
"Immune_defective_Cold","GPR174"
"Immune_defective_Cold","GZMA"
"Immune_defective_Cold","GZMB"
"Immune_defective_Cold","GZMH"
"Immune_defective_Cold","GZMK"
"Immune_defective_Cold","HAVCR2"
"Immune_defective_Cold","HCST"
"Immune_defective_Cold","HLA-A"
"Immune_defective_Cold","HLA-B"
"Immune_defective_Cold","HLA-C"
"Immune_defective_Cold","HLA-DMB"
"Immune_defective_Cold","HLA-DQA1"
"Immune_defective_Cold","HLA-DRA"
"Immune_defective_Cold","HLA-E"
"Immune_defective_Cold","IDO1"
"Immune_defective_Cold","IFIT1"
"Immune_defective_Cold","IFIT2"
"Immune_defective_Cold","IFIT3"
"Immune_defective_Cold","IFNG"
"Immune_defective_Cold","IKZF3"
"Immune_defective_Cold","IL10RA"
"Immune_defective_Cold","IL12RB1"
"Immune_defective_Cold","IL21R"
"Immune_defective_Cold","IL2RB"
"Immune_defective_Cold","IL2RG"
"Immune_defective_Cold","IL32"
"Immune_defective_Cold","INPP5D"
"Immune_defective_Cold","IRF1"
"Immune_defective_Cold","ITGAL"
"Immune_defective_Cold","JAKMIP1"
"Immune_defective_Cold","KLHDC7B"
"Immune_defective_Cold","KLRK1"
"Immune_defective_Cold","LAG3"
"Immune_defective_Cold","LCK"
"Immune_defective_Cold","LCP1"
"Immune_defective_Cold","LILRB4"
"Immune_defective_Cold","NCF1"
"Immune_defective_Cold","NCKAP1L"
"Immune_defective_Cold","NKG7"
"Immune_defective_Cold","NLRC3"
"Immune_defective_Cold","NLRC5"
"Immune_defective_Cold","P2RY10"
"Immune_defective_Cold","PDCD1"
"Immune_defective_Cold","PLEK"
"Immune_defective_Cold","PRF1"
"Immune_defective_Cold","PSMB10"
"Immune_defective_Cold","PSMB8"
"Immune_defective_Cold","PSMB9"
"Immune_defective_Cold","PTPN6"
"Immune_defective_Cold","PTPN7"
"Immune_defective_Cold","PTPRC"
"Immune_defective_Cold","RARRES3"
"Immune_defective_Cold","RASAL3"
"Immune_defective_Cold","RHOH"
"Immune_defective_Cold","SAMD3"
"Immune_defective_Cold","SASH3"
"Immune_defective_Cold","SCIMP"
"Immune_defective_Cold","SECTM1"
"Immune_defective_Cold","SEPT1"
"Immune_defective_Cold","SERPINA1"
"Immune_defective_Cold","SIRPG"
"Immune_defective_Cold","SIT1"
"Immune_defective_Cold","SLA2"
"Immune_defective_Cold","SLAMF6"
"Immune_defective_Cold","SLC7A7"
"Immune_defective_Cold","SLFN12L"
"Immune_defective_Cold","SNX20"
"Immune_defective_Cold","SP140"
"Immune_defective_Cold","STAT1"
"Immune_defective_Cold","TAGAP"
"Immune_defective_Cold","TAP1"
"Immune_defective_Cold","TAP2"
"Immune_defective_Cold","TBX21"
"Immune_defective_Cold","TIGIT"
"Immune_defective_Cold","TYMP"
"Immune_defective_Cold","UBASH3A"
"Immune_defective_Cold","UBD"
"Immune_defective_Cold","UBE2L6"
"Immune_defective_Cold","VAV1"
"Immune_defective_Cold","ZBP1"
"Melanocytic_Differentiation","ABCB5"
"Melanocytic_Differentiation","ABCC2"
"Melanocytic_Differentiation","ABTB2"
"Melanocytic_Differentiation","ADGRA3"
"Melanocytic_Differentiation","ADIPOR2"
"Melanocytic_Differentiation","ALX1"
"Melanocytic_Differentiation","ANXA5"
"Melanocytic_Differentiation","BBS5"
"Melanocytic_Differentiation","BEST1"
"Melanocytic_Differentiation","C8ORF46"
"Melanocytic_Differentiation","CA14"
"Melanocytic_Differentiation","CABLES1"
"Melanocytic_Differentiation","CAPN3"
"Melanocytic_Differentiation","CEP295NL"
"Melanocytic_Differentiation","CPEB2"
"Melanocytic_Differentiation","CYP2U1"
"Melanocytic_Differentiation","DCT"
"Melanocytic_Differentiation","DIP2B"
"Melanocytic_Differentiation","DOCK7"
"Melanocytic_Differentiation","EDNRB"
"Melanocytic_Differentiation","FAM69C"
"Melanocytic_Differentiation","FBXO7"
"Melanocytic_Differentiation","FDFT1"
"Melanocytic_Differentiation","FMN1"
"Melanocytic_Differentiation","GCNT2"
"Melanocytic_Differentiation","GPAT4"
"Melanocytic_Differentiation","GTF2F2"
"Melanocytic_Differentiation","IFT81"
"Melanocytic_Differentiation","IGSF11"
"Melanocytic_Differentiation","IGSF3"
"Melanocytic_Differentiation","IL12RB2"
"Melanocytic_Differentiation","ILVBL"
"Melanocytic_Differentiation","IRF4"
"Melanocytic_Differentiation","IRS2"
"Melanocytic_Differentiation","KAT7"
"Melanocytic_Differentiation","KCNJ13"
"Melanocytic_Differentiation","KIAA1211"
"Melanocytic_Differentiation","KIF13A"
"Melanocytic_Differentiation","LAPTM4B"
"Melanocytic_Differentiation","LONP2"
"Melanocytic_Differentiation","LZTS1"
"Melanocytic_Differentiation","MCC"
"Melanocytic_Differentiation","MDGA2"
"Melanocytic_Differentiation","MFAP3L"
"Melanocytic_Differentiation","MIPEP"
"Melanocytic_Differentiation","MITF"
"Melanocytic_Differentiation","MLANA"
"Melanocytic_Differentiation","MLPH"
"Melanocytic_Differentiation","MRPL44"
"Melanocytic_Differentiation","MXI1"
"Melanocytic_Differentiation","MYO10"
"Melanocytic_Differentiation","MYO5A"
"Melanocytic_Differentiation","NLGN1"
"Melanocytic_Differentiation","NRBP2"
"Melanocytic_Differentiation","NUFIP1"
"Melanocytic_Differentiation","OR7A5"
"Melanocytic_Differentiation","OSBPL9"
"Melanocytic_Differentiation","OTUD7B"
"Melanocytic_Differentiation","PAX3"
"Melanocytic_Differentiation","PCYT2"
"Melanocytic_Differentiation","PDHA1"
"Melanocytic_Differentiation","PFKFB2"
"Melanocytic_Differentiation","PHLPP1"
"Melanocytic_Differentiation","PMEL"
"Melanocytic_Differentiation","POMT2"
"Melanocytic_Differentiation","PPM1H"
"Melanocytic_Differentiation","PRAME"
"Melanocytic_Differentiation","PYURF"
"Melanocytic_Differentiation","RGS20"
"Melanocytic_Differentiation","S100B"
"Melanocytic_Differentiation","SEMA6A"
"Melanocytic_Differentiation","SGCD"
"Melanocytic_Differentiation","SLC18B1"
"Melanocytic_Differentiation","SLC24A5"
"Melanocytic_Differentiation","SLC3A2"
"Melanocytic_Differentiation","SLC6A8"
"Melanocytic_Differentiation","SNCA"
"Melanocytic_Differentiation","SOCS6"
"Melanocytic_Differentiation","SORT1"
"Melanocytic_Differentiation","SOX10"
"Melanocytic_Differentiation","SOX6"
"Melanocytic_Differentiation","SPAG9"
"Melanocytic_Differentiation","ST3GAL4"
"Melanocytic_Differentiation","ST6GALNAC2"
"Melanocytic_Differentiation","STAM"
"Melanocytic_Differentiation","STK24"
"Melanocytic_Differentiation","STK32A"
"Melanocytic_Differentiation","STX7"
"Melanocytic_Differentiation","SYNGR1"
"Melanocytic_Differentiation","TBC1D14"
"Melanocytic_Differentiation","TEX2"
"Melanocytic_Differentiation","TFAP2A"
"Melanocytic_Differentiation","TMEM117"
"Melanocytic_Differentiation","TRIM63"
"Melanocytic_Differentiation","TUBB4A"
"Melanocytic_Differentiation","TYR"
"Melanocytic_Differentiation","USP27X"
"Melanocytic_Differentiation","USP54"
"Melanocytic_Differentiation","VAT1"
"Melanocytic_Differentiation","VPS25"
"Melanocytic_Differentiation","ZNF526"
"Melanocytic_Differentiation","ZNF704"
"Myeloid_Treg_Immunosuppressive","ACAP1"
"Myeloid_Treg_Immunosuppressive","ADCY7"
"Myeloid_Treg_Immunosuppressive","AIF1"
"Myeloid_Treg_Immunosuppressive","ALOX5"
"Myeloid_Treg_Immunosuppressive","BATF"
"Myeloid_Treg_Immunosuppressive","BIN2"
"Myeloid_Treg_Immunosuppressive","BLNK"
"Myeloid_Treg_Immunosuppressive","C10ORF128"
"Myeloid_Treg_Immunosuppressive","C1ORF162"
"Myeloid_Treg_Immunosuppressive","C1QA"
"Myeloid_Treg_Immunosuppressive","C1QB"
"Myeloid_Treg_Immunosuppressive","C1QC"
"Myeloid_Treg_Immunosuppressive","CCDC69"
"Myeloid_Treg_Immunosuppressive","CCL2"
"Myeloid_Treg_Immunosuppressive","CCL3"
"Myeloid_Treg_Immunosuppressive","CCR2"
"Myeloid_Treg_Immunosuppressive","CCR8"
"Myeloid_Treg_Immunosuppressive","CD14"
"Myeloid_Treg_Immunosuppressive","CD180"
"Myeloid_Treg_Immunosuppressive","CD2"
"Myeloid_Treg_Immunosuppressive","CD247"
"Myeloid_Treg_Immunosuppressive","CD300A"
"Myeloid_Treg_Immunosuppressive","CD300LF"
"Myeloid_Treg_Immunosuppressive","CD3D"
"Myeloid_Treg_Immunosuppressive","CD3G"
"Myeloid_Treg_Immunosuppressive","CD48"
"Myeloid_Treg_Immunosuppressive","CD5"
"Myeloid_Treg_Immunosuppressive","CD52"
"Myeloid_Treg_Immunosuppressive","CD53"
"Myeloid_Treg_Immunosuppressive","CD68"
"Myeloid_Treg_Immunosuppressive","CD96"
"Myeloid_Treg_Immunosuppressive","CSF2RB"
"Myeloid_Treg_Immunosuppressive","CTLA4"
"Myeloid_Treg_Immunosuppressive","CTSC"
"Myeloid_Treg_Immunosuppressive","CXCL8"
"Myeloid_Treg_Immunosuppressive","CXORF21"
"Myeloid_Treg_Immunosuppressive","CYBB"
"Myeloid_Treg_Immunosuppressive","CYTIP"
"Myeloid_Treg_Immunosuppressive","DAPP1"
"Myeloid_Treg_Immunosuppressive","DOK2"
"Myeloid_Treg_Immunosuppressive","DPYD"
"Myeloid_Treg_Immunosuppressive","ENTPD1"
"Myeloid_Treg_Immunosuppressive","FAM107B"
"Myeloid_Treg_Immunosuppressive","FCER1G"
"Myeloid_Treg_Immunosuppressive","FCGR3A"
"Myeloid_Treg_Immunosuppressive","FCN1"
"Myeloid_Treg_Immunosuppressive","FOXP3"
"Myeloid_Treg_Immunosuppressive","GATA3"
"Myeloid_Treg_Immunosuppressive","GIMAP4"
"Myeloid_Treg_Immunosuppressive","GIMAP6"
"Myeloid_Treg_Immunosuppressive","GIMAP7"
"Myeloid_Treg_Immunosuppressive","GPR132"
"Myeloid_Treg_Immunosuppressive","GZMB"
"Myeloid_Treg_Immunosuppressive","HCK"
"Myeloid_Treg_Immunosuppressive","HCST"
"Myeloid_Treg_Immunosuppressive","HK3"
"Myeloid_Treg_Immunosuppressive","IKZF2"
"Myeloid_Treg_Immunosuppressive","IL15RA"
"Myeloid_Treg_Immunosuppressive","IL1B"
"Myeloid_Treg_Immunosuppressive","IL21R"
"Myeloid_Treg_Immunosuppressive","IL2RA"
"Myeloid_Treg_Immunosuppressive","IL2RG"
"Myeloid_Treg_Immunosuppressive","IL32"
"Myeloid_Treg_Immunosuppressive","ITGB2"
"Myeloid_Treg_Immunosuppressive","LAPTM5"
"Myeloid_Treg_Immunosuppressive","LCK"
"Myeloid_Treg_Immunosuppressive","LCP1"
"Myeloid_Treg_Immunosuppressive","LILRB1"
"Myeloid_Treg_Immunosuppressive","LILRB2"
"Myeloid_Treg_Immunosuppressive","LILRB4"
"Myeloid_Treg_Immunosuppressive","LST1"
"Myeloid_Treg_Immunosuppressive","LY75"
"Myeloid_Treg_Immunosuppressive","LYZ"
"Myeloid_Treg_Immunosuppressive","MNDA"
"Myeloid_Treg_Immunosuppressive","MPEG1"
"Myeloid_Treg_Immunosuppressive","MYO1G"
"Myeloid_Treg_Immunosuppressive","NCF2"
"Myeloid_Treg_Immunosuppressive","NCF4"
"Myeloid_Treg_Immunosuppressive","NCKAP1L"
"Myeloid_Treg_Immunosuppressive","NFAM1"
"Myeloid_Treg_Immunosuppressive","PARP12"
"Myeloid_Treg_Immunosuppressive","PDCD1LG2"
"Myeloid_Treg_Immunosuppressive","PIK3AP1"
"Myeloid_Treg_Immunosuppressive","PLEK"
"Myeloid_Treg_Immunosuppressive","PTGER4"
"Myeloid_Treg_Immunosuppressive","PTPN22"
"Myeloid_Treg_Immunosuppressive","PTPN6"
"Myeloid_Treg_Immunosuppressive","PTPN7"
"Myeloid_Treg_Immunosuppressive","PTPRC"
"Myeloid_Treg_Immunosuppressive","RAC2"
"Myeloid_Treg_Immunosuppressive","RASAL3"
"Myeloid_Treg_Immunosuppressive","RBM47"
"Myeloid_Treg_Immunosuppressive","RFTN1"
"Myeloid_Treg_Immunosuppressive","RGL4"
"Myeloid_Treg_Immunosuppressive","S100A8"
"Myeloid_Treg_Immunosuppressive","S100A9"
"Myeloid_Treg_Immunosuppressive","SAMSN1"
"Myeloid_Treg_Immunosuppressive","SASH3"
"Myeloid_Treg_Immunosuppressive","SERPINA1"
"Myeloid_Treg_Immunosuppressive","SIT1"
"Myeloid_Treg_Immunosuppressive","SLAMF8"
"Myeloid_Treg_Immunosuppressive","SLC7A7"
"Myeloid_Treg_Immunosuppressive","SNX20"
"Myeloid_Treg_Immunosuppressive","SPP1"
"Myeloid_Treg_Immunosuppressive","SRGN"
"Myeloid_Treg_Immunosuppressive","ST8SIA4"
"Myeloid_Treg_Immunosuppressive","STK17B"
"Myeloid_Treg_Immunosuppressive","TAGAP"
"Myeloid_Treg_Immunosuppressive","TIGIT"
"Myeloid_Treg_Immunosuppressive","TMEM176A"
"Myeloid_Treg_Immunosuppressive","TMEM176B"
"Myeloid_Treg_Immunosuppressive","TMSB4X"
"Myeloid_Treg_Immunosuppressive","TNFAIP8"
"Myeloid_Treg_Immunosuppressive","TNFAIP8L2"
"Myeloid_Treg_Immunosuppressive","TNFRSF18"
"Myeloid_Treg_Immunosuppressive","TRAF3IP3"
"Myeloid_Treg_Immunosuppressive","TREM1"
"Myeloid_Treg_Immunosuppressive","TYMP"
"Myeloid_Treg_Immunosuppressive","TYROBP"
"Myeloid_Treg_Immunosuppressive","WAS"
"Myeloid_Treg_Immunosuppressive","ZAP70"
"Tumor_dedifferentiation_Stromal_remodeling","ADAM12"
"Tumor_dedifferentiation_Stromal_remodeling","ADAM19"
"Tumor_dedifferentiation_Stromal_remodeling","ADAMTS12"
"Tumor_dedifferentiation_Stromal_remodeling","ADAMTS9"
"Tumor_dedifferentiation_Stromal_remodeling","ANO1"
"Tumor_dedifferentiation_Stromal_remodeling","ANPEP"
"Tumor_dedifferentiation_Stromal_remodeling","AXL"
"Tumor_dedifferentiation_Stromal_remodeling","B4GALT1"
"Tumor_dedifferentiation_Stromal_remodeling","BGN"
"Tumor_dedifferentiation_Stromal_remodeling","BICC1"
"Tumor_dedifferentiation_Stromal_remodeling","C1R"
"Tumor_dedifferentiation_Stromal_remodeling","CALHM2"
"Tumor_dedifferentiation_Stromal_remodeling","CCM2"
"Tumor_dedifferentiation_Stromal_remodeling","CD248"
"Tumor_dedifferentiation_Stromal_remodeling","CDH11"
"Tumor_dedifferentiation_Stromal_remodeling","CLMP"
"Tumor_dedifferentiation_Stromal_remodeling","COL12A1"
"Tumor_dedifferentiation_Stromal_remodeling","COL15A1"
"Tumor_dedifferentiation_Stromal_remodeling","COL1A1"
"Tumor_dedifferentiation_Stromal_remodeling","COL1A2"
"Tumor_dedifferentiation_Stromal_remodeling","COL3A1"
"Tumor_dedifferentiation_Stromal_remodeling","COL5A1"
"Tumor_dedifferentiation_Stromal_remodeling","COL5A2"
"Tumor_dedifferentiation_Stromal_remodeling","COL6A1"
"Tumor_dedifferentiation_Stromal_remodeling","COL6A2"
"Tumor_dedifferentiation_Stromal_remodeling","COL6A3"
"Tumor_dedifferentiation_Stromal_remodeling","COL8A1"
"Tumor_dedifferentiation_Stromal_remodeling","COLEC12"
"Tumor_dedifferentiation_Stromal_remodeling","CSRNP1"
"Tumor_dedifferentiation_Stromal_remodeling","DCN"
"Tumor_dedifferentiation_Stromal_remodeling","ECE1"
"Tumor_dedifferentiation_Stromal_remodeling","EFEMP1"
"Tumor_dedifferentiation_Stromal_remodeling","EGFR"
"Tumor_dedifferentiation_Stromal_remodeling","EMILIN1"
"Tumor_dedifferentiation_Stromal_remodeling","ENG"
"Tumor_dedifferentiation_Stromal_remodeling","EPHB6"
"Tumor_dedifferentiation_Stromal_remodeling","FAM20C"
"Tumor_dedifferentiation_Stromal_remodeling","FAM89B"
"Tumor_dedifferentiation_Stromal_remodeling","FBN1"
"Tumor_dedifferentiation_Stromal_remodeling","FN1"
"Tumor_dedifferentiation_Stromal_remodeling","FNDC1"
"Tumor_dedifferentiation_Stromal_remodeling","FOSL2"
"Tumor_dedifferentiation_Stromal_remodeling","FST"
"Tumor_dedifferentiation_Stromal_remodeling","GALNT10"
"Tumor_dedifferentiation_Stromal_remodeling","GFPT2"
"Tumor_dedifferentiation_Stromal_remodeling","GLIS2"
"Tumor_dedifferentiation_Stromal_remodeling","GNAI2"
"Tumor_dedifferentiation_Stromal_remodeling","GPC6"
"Tumor_dedifferentiation_Stromal_remodeling","HK1"
"Tumor_dedifferentiation_Stromal_remodeling","IER3"
"Tumor_dedifferentiation_Stromal_remodeling","IFITM3"
"Tumor_dedifferentiation_Stromal_remodeling","IFNGR2"
"Tumor_dedifferentiation_Stromal_remodeling","IGFBP6"
"Tumor_dedifferentiation_Stromal_remodeling","INHBA"
"Tumor_dedifferentiation_Stromal_remodeling","ITGA5"
"Tumor_dedifferentiation_Stromal_remodeling","JUNB"
"Tumor_dedifferentiation_Stromal_remodeling","KDELC2"
"Tumor_dedifferentiation_Stromal_remodeling","LMO7"
"Tumor_dedifferentiation_Stromal_remodeling","LOXL2"
"Tumor_dedifferentiation_Stromal_remodeling","LPAR1"
"Tumor_dedifferentiation_Stromal_remodeling","LTBP2"
"Tumor_dedifferentiation_Stromal_remodeling","LUM"
"Tumor_dedifferentiation_Stromal_remodeling","MAP1A"
"Tumor_dedifferentiation_Stromal_remodeling","MMP19"
"Tumor_dedifferentiation_Stromal_remodeling","MMP2"
"Tumor_dedifferentiation_Stromal_remodeling","MMP9"
"Tumor_dedifferentiation_Stromal_remodeling","MRC2"
"Tumor_dedifferentiation_Stromal_remodeling","MT2A"
"Tumor_dedifferentiation_Stromal_remodeling","MYOF"
"Tumor_dedifferentiation_Stromal_remodeling","NGEF"
"Tumor_dedifferentiation_Stromal_remodeling","NGFR"
"Tumor_dedifferentiation_Stromal_remodeling","NHS"
"Tumor_dedifferentiation_Stromal_remodeling","NID2"
"Tumor_dedifferentiation_Stromal_remodeling","NPDC1"
"Tumor_dedifferentiation_Stromal_remodeling","NRP1"
"Tumor_dedifferentiation_Stromal_remodeling","OLFML2B"
"Tumor_dedifferentiation_Stromal_remodeling","OSMR"
"Tumor_dedifferentiation_Stromal_remodeling","PLAU"
"Tumor_dedifferentiation_Stromal_remodeling","PLAUR"
"Tumor_dedifferentiation_Stromal_remodeling","PMEPA1"
"Tumor_dedifferentiation_Stromal_remodeling","PODXL"
"Tumor_dedifferentiation_Stromal_remodeling","PRRX2"
"Tumor_dedifferentiation_Stromal_remodeling","PXDN"
"Tumor_dedifferentiation_Stromal_remodeling","RAB31"
"Tumor_dedifferentiation_Stromal_remodeling","RASA4B"
"Tumor_dedifferentiation_Stromal_remodeling","RUNX1"
"Tumor_dedifferentiation_Stromal_remodeling","SERPINE1"
"Tumor_dedifferentiation_Stromal_remodeling","SH2B3"
"Tumor_dedifferentiation_Stromal_remodeling","SLC20A1"
"Tumor_dedifferentiation_Stromal_remodeling","SLIT2"
"Tumor_dedifferentiation_Stromal_remodeling","SOCS3"
"Tumor_dedifferentiation_Stromal_remodeling","SOX9"
"Tumor_dedifferentiation_Stromal_remodeling","SULF2"
"Tumor_dedifferentiation_Stromal_remodeling","TADA3"
"Tumor_dedifferentiation_Stromal_remodeling","TGFB1"
"Tumor_dedifferentiation_Stromal_remodeling","TGFB3"
"Tumor_dedifferentiation_Stromal_remodeling","TGFBI"
"Tumor_dedifferentiation_Stromal_remodeling","THBS1"
"Tumor_dedifferentiation_Stromal_remodeling","THY1"
"Tumor_dedifferentiation_Stromal_remodeling","TIMP1"
"Tumor_dedifferentiation_Stromal_remodeling","TMEM2"
"Tumor_dedifferentiation_Stromal_remodeling","TNC"
"Tumor_dedifferentiation_Stromal_remodeling","TNFRSF1A"
"Tumor_dedifferentiation_Stromal_remodeling","TP53I11"
"Tumor_dedifferentiation_Stromal_remodeling","TPBG"
"Tumor_dedifferentiation_Stromal_remodeling","UNC5B"
"Tumor_dedifferentiation_Stromal_remodeling","VCAN"
"Tumor_dedifferentiation_Stromal_remodeling","VDR"
"Tumor_dedifferentiation_Stromal_remodeling","VIM"
"Tumor_dedifferentiation_Stromal_remodeling","WNT5A"
"Tumor_dedifferentiation_Stromal_remodeling","ZEB1"
"Tumor_dedifferentiation_Stromal_remodeling","ZNF385A"
"Tumor_dedifferentiation_Stromal_remodeling","ZYX"
