"gene","spearman_rho","p_value","fdr"
"PRKD1",-0.812369337979094,1.13188175557163e-10,1.26386725314097e-08
"ADGRA3",-0.805052264808363,2.22420246277414e-10,2.19599021048316e-08
"GULP1",-0.794425087108014,5.64985320131732e-10,4.54873803448547e-08
"PKNOX2",-0.779094076655052,1.97850605040153e-09,1.24546291944571e-07
"XPO7",-0.778919860627178,2.00573744011234e-09,1.2550841532572e-07
"ETNK2",-0.772648083623694,3.25471726115623e-09,1.84456921758398e-07
"SOX10",-0.772299651567944,3.34193862861049e-09,1.87698882437437e-07
"CAMSAP2",-0.767247386759582,4.8787299571236e-09,2.61485986473376e-07
"TNKS",-0.765331010452962,5.61775835400769e-09,2.97693584640763e-07
"ZSCAN20",-0.757491289198606,9.86939876364515e-09,4.8849617785546e-07
"ZFYVE9",-0.755749128919861,1.11540907282034e-08,5.37890971646191e-07
"GID4",-0.754529616724739,1.21443425056482e-08,5.80397719247927e-07
"DKC1",-0.747735191637631,1.93354108708979e-08,8.7400716271608e-07
"FZD3",-0.744947735191638,2.33019045169225e-08,1.02610428834026e-06
"ZNF2",-0.742682926829269,2.70692701168237e-08,1.16733893821034e-06
"ACVR2B",-0.739547038327526,3.32273213578671e-08,1.38513626967162e-06
"PMS2",-0.737456445993032,3.803167067439e-08,1.56799145094699e-06
"ST3GAL4",-0.737282229965157,3.84598975298502e-08,1.58216933719838e-06
"SCFD2",-0.736759581881533,3.97716453720327e-08,1.6325520690021e-06
"REEP6",-0.73623693379791,4.11249151102328e-08,1.67345397516889e-06
"GTF2IRD1",-0.73588850174216,4.20507590602245e-08,1.7000650629542e-06
"FGD1",-0.732404181184669,5.24376462819635e-08,2.07526963418429e-06
"TARS2",-0.731184668989547,5.66043804531957e-08,2.21678825244571e-06
"POLR2B",-0.729268292682927,6.37784714953899e-08,2.46177026086835e-06
"EXOC6B",-0.728571428571429,6.65904117317513e-08,2.5441334698084e-06
"ZNF507",-0.724912891986063,8.33407332972819e-08,3.13933497173436e-06
"ZNF526",-0.724912891986063,8.33407332972819e-08,3.13933497173436e-06
"TTC30A",-0.721254355400697,1.03938244149349e-07,3.7640492702657e-06
"DOCK7",-0.720383275261324,1.09494467688604e-07,3.92735510395894e-06
"TTC30B",-0.719686411149826,1.1413667288119e-07,4.06278908269116e-06
"POMK",-0.719512195121951,1.15325437411101e-07,4.09732931892963e-06
"PPP1R26",-0.718641114982579,1.21443614923418e-07,4.23449957685577e-06
"BEND3",-0.716550522648084,1.37377804035122e-07,4.72856922182542e-06
"SGCD",-0.715505226480836,1.46053069921001e-07,4.96342307726096e-06
"KDM4D",-0.715275056212258,1.48030395853416e-07,5.02152295807276e-06
"OCRL",-0.715156794425087,1.49055981894017e-07,5.02903087113287e-06
"DIEXF",-0.711324041811847,1.860920889417e-07,6.11366286594982e-06
"TIGD5",-0.70993031358885,2.01555328928721e-07,6.56419516557965e-06
"FDFT1",-0.708536585365854,2.1820304708909e-07,6.99704437665681e-06
"POLA1",-0.707839721254356,2.26996788726602e-07,7.20513157313422e-06
"ERLIN2",-0.705923344947735,2.52902632801712e-07,7.85463657074058e-06
"NLGN1",-0.704621017574808,2.72043402155728e-07,8.31150192351677e-06
"ZKSCAN2",-0.704006968641115,2.8152639754715e-07,8.57330144738148e-06
"SOCS7",-0.703832752613241,2.84272137172218e-07,8.6428865821939e-06
"ZNF343",-0.703135888501742,2.95505133871907e-07,8.92653914058472e-06
"NR2F6",-0.701946949574762,3.15624191241469e-07,9.41397780031062e-06
"FIP1L1",-0.701742160278746,3.19215118003455e-07,9.43016755689262e-06
"ABCD3",-0.698606271777004,3.79149431135594e-07,1.09929894569901e-05
"OSBPL1A",-0.698432055749129,3.82766744455277e-07,1.10636692746326e-05
"MAGI2",-0.698257839721255,3.86415993490662e-07,1.11348350566687e-05
"KIAA1211",-0.697038327526133,4.12876892275998e-07,1.17528947226183e-05
"AGAP1",-0.695296167247387,4.53597382975826e-07,1.27571713751777e-05
"CBX2",-0.694947735191638,4.62174932824323e-07,1.29402083057485e-05
"ZNF696",-0.694947735191638,4.62174932824323e-07,1.29402083057485e-05
"PIGM",-0.694425087108014,4.75323114095667e-07,1.32687296091081e-05
"POMT2",-0.69390243902439,4.88816760586994e-07,1.35446286733404e-05
"CCDC140",-0.693594837084964,4.96923214492946e-07,1.37286930495923e-05
"SLC10A5",-0.692713097917413,5.20854947075246e-07,1.42846753686909e-05
"ARHGAP39",-0.692334494773519,5.31454441349266e-07,1.45117232391134e-05
"CBX8",-0.691637630662021,5.51487558771272e-07,1.49715703545445e-05
"TMEM184C",-0.691463414634146,5.5660384435098e-07,1.50886293586417e-05
"POLB",-0.691114982578397,5.66968410396101e-07,1.5347417619943e-05
"GPR89A",-0.689721254355401,6.1023797661112e-07,1.64003641880344e-05
"OTUD7B",-0.689547038327526,6.15856346814498e-07,1.65276812730947e-05
"ANKRD50",-0.689372822299652,6.21522529269598e-07,1.66559158950977e-05
"KANSL1L",-0.689198606271777,6.27236896461649e-07,1.67373213950556e-05
"MFAP3L",-0.688327526132404,6.56544724949397e-07,1.74944921808604e-05
"SAMD13",-0.687630662020906,6.80897285574467e-07,1.79900734930865e-05
"IGSF3",-0.686933797909408,7.06082806882698e-07,1.84733715122908e-05
"USP27X",-0.686585365853659,7.18996029362257e-07,1.87588964044598e-05
"EPM2A",-0.686411149825784,7.25534201124403e-07,1.88508255940342e-05
"MAML3",-0.686411149825784,7.25534201124403e-07,1.88508255940342e-05
"CLASP2",-0.686062717770035,7.38775762486454e-07,1.91154407289426e-05
"LONRF1",-0.685017421602788,7.79852964177913e-07,1.99853302664118e-05
"PRKCE",-0.685017421602788,7.79852964177913e-07,1.99853302664118e-05
"ZSCAN22",-0.685017421602788,7.79852964177913e-07,1.99853302664118e-05
"THOC2",-0.684494773519164,8.01173957284171e-07,2.04757796521714e-05
"POLR3D",-0.684146341463415,8.15685908973561e-07,2.07618072814587e-05
"GRK4",-0.683623693379791,8.37909912857487e-07,2.12123509518132e-05
"HHAT",-0.683623693379791,8.37909912857487e-07,2.12123509518132e-05
"PIGG",-0.683275261324042,8.53035391234101e-07,2.15371344605121e-05
"POU2F1",-0.68313079902771,8.59380195088554e-07,2.16681627414868e-05
"XPO5",-0.682926829268293,8.68412857434173e-07,2.18665191847083e-05
"PARS2",-0.682578397212544,8.84046147496766e-07,2.22005644991859e-05
"JADE3",-0.68205574912892,9.07984273382956e-07,2.27408237441801e-05
"SLC25A13",-0.680836236933798,9.66187938265354e-07,2.40062510383043e-05
"STK32A",-0.680487804878049,9.83439721565859e-07,2.4338186987934e-05
"NCKAP1",-0.679616724738676,1.02782186395793e-06,2.53030319501139e-05
"KCTD3",-0.679268292682927,1.04608713195381e-06,2.56852729166512e-05
"SORT1",-0.679094076655052,1.05533176438156e-06,2.58783902850113e-05
"MLYCD",-0.678571428571429,1.0835203661114e-06,2.65003370898092e-05
"IPO9",-0.678397212543554,1.09307002089785e-06,2.66643699896264e-05
"TXNDC16",-0.676655052264808,1.1929354850938e-06,2.88379855217457e-05
"C19orf44",-0.676480836236934,1.20337201128537e-06,2.90528385581755e-05
"RBAK",-0.67637340439809,1.20984974063322e-06,2.91716854557052e-05
"KAT7",-0.676132404181185,1.22449842286657e-06,2.94491870699409e-05
"SRPK2",-0.67595818815331,1.23518955451667e-06,2.96303335718392e-05
"SLC6A8",-0.675435540069687,1.2677822175665e-06,3.02959574768536e-05
"EHHADH",-0.675261324041812,1.27882165366545e-06,3.05208847342369e-05
"ZMYM4",-0.675087108013937,1.28994977072763e-06,3.0747354191969e-05
