"GeneSet","gene"
"Immune_defective_Cold_RESTORE_curated","B2M"
"Immune_defective_Cold_RESTORE_curated","HLA-A"
"Immune_defective_Cold_RESTORE_curated","HLA-B"
"Immune_defective_Cold_RESTORE_curated","HLA-C"
"Immune_defective_Cold_RESTORE_curated","HLA-E"
"Immune_defective_Cold_RESTORE_curated","TAP1"
"Immune_defective_Cold_RESTORE_curated","TAP2"
"Immune_defective_Cold_RESTORE_curated","NLRC5"
"Immune_defective_Cold_RESTORE_curated","PSMB8"
"Immune_defective_Cold_RESTORE_curated","PSMB9"
"Immune_defective_Cold_RESTORE_curated","IFNG"
"Immune_defective_Cold_RESTORE_curated","STAT1"
"Immune_defective_Cold_RESTORE_curated","IRF1"
"Immune_defective_Cold_RESTORE_curated","CXCL9"
"Immune_defective_Cold_RESTORE_curated","CXCL10"
"Immune_defective_Cold_RESTORE_curated","GBP1"
"Immune_defective_Cold_RESTORE_curated","GBP2"
"Immune_defective_Cold_RESTORE_curated","IDO1"
"Immune_defective_Cold_RESTORE_curated","IFIT1"
"Immune_defective_Cold_RESTORE_curated","IFIT2"
"Immune_defective_Cold_RESTORE_curated","IFIT3"
"Immune_defective_Cold_RESTORE_curated","CD8A"
"Immune_defective_Cold_RESTORE_curated","CD8B"
"Immune_defective_Cold_RESTORE_curated","GZMB"
"Immune_defective_Cold_RESTORE_curated","PRF1"
"Immune_defective_Cold_RESTORE_curated","NKG7"
"Immune_defective_Cold_RESTORE_curated","GNLY"
"Immune_defective_Cold_RESTORE_curated","CCL5"
"Immune_defective_Cold_RESTORE_curated","GZMA"
"Immune_defective_Cold_RESTORE_curated","GZMK"
"Immune_defective_Cold_RESTORE_curated","CD3D"
"Immune_defective_Cold_RESTORE_curated","CD3E"
"Immune_defective_Cold_RESTORE_curated","CD3G"
"Immune_defective_Cold_RESTORE_curated","LCK"
"Immune_defective_Cold_RESTORE_curated","PDCD1"
"Immune_defective_Cold_RESTORE_curated","LAG3"
"Immune_defective_Cold_RESTORE_curated","TIGIT"
"Immune_defective_Cold_RESTORE_data_driven","GBP5"
"Immune_defective_Cold_RESTORE_data_driven","IL2RB"
"Immune_defective_Cold_RESTORE_data_driven","NLRC5"
"Immune_defective_Cold_RESTORE_data_driven","APOL3"
"Immune_defective_Cold_RESTORE_data_driven","LAG3"
"Immune_defective_Cold_RESTORE_data_driven","PTPN7"
"Immune_defective_Cold_RESTORE_data_driven","IRF1"
"Immune_defective_Cold_RESTORE_data_driven","CD2"
"Immune_defective_Cold_RESTORE_data_driven","CCR5"
"Immune_defective_Cold_RESTORE_data_driven","SIRPG"
"Immune_defective_Cold_RESTORE_data_driven","CCL5"
"Immune_defective_Cold_RESTORE_data_driven","NKG7"
"Immune_defective_Cold_RESTORE_data_driven","PSMB9"
"Immune_defective_Cold_RESTORE_data_driven","CXCL9"
"Immune_defective_Cold_RESTORE_data_driven","CCL4"
"Immune_defective_Cold_RESTORE_data_driven","CD8B"
"Immune_defective_Cold_RESTORE_data_driven","CD8A"
"Immune_defective_Cold_RESTORE_data_driven","IL32"
"Immune_defective_Cold_RESTORE_data_driven","LCK"
"Immune_defective_Cold_RESTORE_data_driven","SNX20"
"Immune_defective_Cold_RESTORE_data_driven","GBP1"
"Immune_defective_Cold_RESTORE_data_driven","CD3G"
"Immune_defective_Cold_RESTORE_data_driven","SLA2"
"Immune_defective_Cold_RESTORE_data_driven","FASLG"
"Immune_defective_Cold_RESTORE_data_driven","HCST"
"Immune_defective_Cold_RESTORE_data_driven","SLFN12L"
"Immune_defective_Cold_RESTORE_data_driven","UBASH3A"
"Immune_defective_Cold_RESTORE_data_driven","IL2RG"
"Immune_defective_Cold_RESTORE_data_driven","CD27"
"Immune_defective_Cold_RESTORE_data_driven","TAGAP"
"Immune_defective_Cold_RESTORE_data_driven","NCKAP1L"
"Immune_defective_Cold_RESTORE_data_driven","ITGAL"
"Immune_defective_Cold_RESTORE_data_driven","KLRK1"
"Immune_defective_Cold_RESTORE_data_driven","SEPT1"
"Immune_defective_Cold_RESTORE_data_driven","SLAMF6"
"Immune_defective_Cold_RESTORE_data_driven","SIT1"
"Immune_defective_Cold_RESTORE_data_driven","CD38"
"Immune_defective_Cold_RESTORE_data_driven","C16orf54"
"Immune_defective_Cold_RESTORE_data_driven","IL21R"
"Immune_defective_Cold_RESTORE_data_driven","PDCD1"
"Immune_defective_Cold_RESTORE_data_driven","RASAL3"
"Immune_defective_Cold_RESTORE_data_driven","SECTM1"
"Immune_defective_Cold_RESTORE_data_driven","KLHDC7B"
"Immune_defective_Cold_RESTORE_data_driven","CD3E"
"Immune_defective_Cold_RESTORE_data_driven","CD247"
"Immune_defective_Cold_RESTORE_data_driven","PRF1"
"Immune_defective_Cold_RESTORE_data_driven","CXCR6"
"Immune_defective_Cold_RESTORE_data_driven","C1QB"
"Immune_defective_Cold_RESTORE_data_driven","SASH3"
"Immune_defective_Cold_RESTORE_data_driven","TIGIT"
"Immune_defective_Cold_RESTORE_data_driven","PTPN6"
"Immune_defective_Cold_RESTORE_data_driven","SP140"
"Immune_defective_Cold_RESTORE_data_driven","VAV1"
"Immune_defective_Cold_RESTORE_data_driven","RARRES3"
"Immune_defective_Cold_RESTORE_data_driven","CD3D"
"Immune_defective_Cold_RESTORE_data_driven","SCIMP"
"Immune_defective_Cold_RESTORE_data_driven","CD6"
"Immune_defective_Cold_RESTORE_data_driven","APBB1IP"
"Immune_defective_Cold_RESTORE_data_driven","NCF1"
"Immune_defective_Cold_RESTORE_data_driven","IKZF3"
"Immune_defective_Cold_RESTORE_data_driven","TBX21"
"Immune_defective_Cold_RESTORE_data_driven","CD74"
"Immune_defective_Cold_RESTORE_data_driven","PLEK"
"Immune_defective_Cold_RESTORE_data_driven","IL12RB1"
"Immune_defective_Cold_RESTORE_data_driven","IL10RA"
"Immune_defective_Cold_RESTORE_data_driven","INPP5D"
"Immune_defective_Cold_RESTORE_data_driven","UBE2L6"
"Immune_defective_Cold_RESTORE_data_driven","GZMK"
"Immune_defective_Cold_RESTORE_data_driven","CD72"
"Immune_defective_Cold_RESTORE_data_driven","TYMP"
"Immune_defective_Cold_RESTORE_data_driven","EPSTI1"
"Immune_defective_Cold_RESTORE_data_driven","SERPINA1"
"Immune_defective_Cold_RESTORE_data_driven","LCP1"
"Immune_defective_Cold_RESTORE_data_driven","HLA-DRA"
"Immune_defective_Cold_RESTORE_data_driven","HLA-DMB"
"Immune_defective_Cold_RESTORE_data_driven","CD53"
"Immune_defective_Cold_RESTORE_data_driven","SAMD3"
"Immune_defective_Cold_RESTORE_data_driven","GZMH"
"Immune_defective_Cold_RESTORE_data_driven","GZMB"
"Immune_defective_Cold_RESTORE_data_driven","HLA-DQA1"
"Immune_defective_Cold_RESTORE_data_driven","ZBP1"
"Immune_defective_Cold_RESTORE_data_driven","CTSW"
"Immune_defective_Cold_RESTORE_data_driven","P2RY10"
"Immune_defective_Cold_RESTORE_data_driven","CTSS"
"Immune_defective_Cold_RESTORE_data_driven","JAKMIP1"
"Immune_defective_Cold_RESTORE_data_driven","NLRC3"
"Immune_defective_Cold_RESTORE_data_driven","PSMB10"
"Immune_defective_Cold_RESTORE_data_driven","AOAH"
"Immune_defective_Cold_RESTORE_data_driven","PTPRC"
"Immune_defective_Cold_RESTORE_data_driven","RHOH"
"Immune_defective_Cold_RESTORE_data_driven","ARHGAP9"
"Immune_defective_Cold_RESTORE_data_driven","GIMAP6"
"Immune_defective_Cold_RESTORE_data_driven","SLC7A7"
"Immune_defective_Cold_RESTORE_data_driven","BIN2"
"Immune_defective_Cold_RESTORE_data_driven","LILRB4"
"Immune_defective_Cold_RESTORE_data_driven","GBP2"
"Immune_defective_Cold_RESTORE_data_driven","HAVCR2"
"Immune_defective_Cold_RESTORE_data_driven","C1QC"
"Immune_defective_Cold_RESTORE_data_driven","GPR174"
"Immune_defective_Cold_RESTORE_data_driven","UBD"
"Immune_defective_Cold_RESTORE_hybrid","B2M"
"Immune_defective_Cold_RESTORE_hybrid","HLA-A"
"Immune_defective_Cold_RESTORE_hybrid","HLA-B"
"Immune_defective_Cold_RESTORE_hybrid","HLA-C"
"Immune_defective_Cold_RESTORE_hybrid","HLA-E"
"Immune_defective_Cold_RESTORE_hybrid","TAP1"
"Immune_defective_Cold_RESTORE_hybrid","TAP2"
"Immune_defective_Cold_RESTORE_hybrid","NLRC5"
"Immune_defective_Cold_RESTORE_hybrid","PSMB8"
"Immune_defective_Cold_RESTORE_hybrid","PSMB9"
"Immune_defective_Cold_RESTORE_hybrid","IFNG"
"Immune_defective_Cold_RESTORE_hybrid","STAT1"
"Immune_defective_Cold_RESTORE_hybrid","IRF1"
"Immune_defective_Cold_RESTORE_hybrid","CXCL9"
"Immune_defective_Cold_RESTORE_hybrid","CXCL10"
"Immune_defective_Cold_RESTORE_hybrid","GBP1"
"Immune_defective_Cold_RESTORE_hybrid","GBP2"
"Immune_defective_Cold_RESTORE_hybrid","IDO1"
"Immune_defective_Cold_RESTORE_hybrid","IFIT1"
"Immune_defective_Cold_RESTORE_hybrid","IFIT2"
"Immune_defective_Cold_RESTORE_hybrid","IFIT3"
"Immune_defective_Cold_RESTORE_hybrid","CD8A"
"Immune_defective_Cold_RESTORE_hybrid","CD8B"
"Immune_defective_Cold_RESTORE_hybrid","GZMB"
"Immune_defective_Cold_RESTORE_hybrid","PRF1"
"Immune_defective_Cold_RESTORE_hybrid","NKG7"
"Immune_defective_Cold_RESTORE_hybrid","GNLY"
"Immune_defective_Cold_RESTORE_hybrid","CCL5"
"Immune_defective_Cold_RESTORE_hybrid","GZMA"
"Immune_defective_Cold_RESTORE_hybrid","GZMK"
"Immune_defective_Cold_RESTORE_hybrid","CD3D"
"Immune_defective_Cold_RESTORE_hybrid","CD3E"
"Immune_defective_Cold_RESTORE_hybrid","CD3G"
"Immune_defective_Cold_RESTORE_hybrid","LCK"
"Immune_defective_Cold_RESTORE_hybrid","PDCD1"
"Immune_defective_Cold_RESTORE_hybrid","LAG3"
"Immune_defective_Cold_RESTORE_hybrid","TIGIT"
"Immune_defective_Cold_RESTORE_hybrid","GBP5"
"Immune_defective_Cold_RESTORE_hybrid","IL2RB"
"Immune_defective_Cold_RESTORE_hybrid","APOL3"
"Immune_defective_Cold_RESTORE_hybrid","PTPN7"
"Immune_defective_Cold_RESTORE_hybrid","CD2"
"Immune_defective_Cold_RESTORE_hybrid","CCR5"
"Immune_defective_Cold_RESTORE_hybrid","SIRPG"
"Immune_defective_Cold_RESTORE_hybrid","CCL4"
"Immune_defective_Cold_RESTORE_hybrid","IL32"
"Immune_defective_Cold_RESTORE_hybrid","SNX20"
"Immune_defective_Cold_RESTORE_hybrid","SLA2"
"Immune_defective_Cold_RESTORE_hybrid","FASLG"
"Immune_defective_Cold_RESTORE_hybrid","HCST"
"Immune_defective_Cold_RESTORE_hybrid","SLFN12L"
"Immune_defective_Cold_RESTORE_hybrid","UBASH3A"
"Immune_defective_Cold_RESTORE_hybrid","IL2RG"
"Immune_defective_Cold_RESTORE_hybrid","CD27"
"Immune_defective_Cold_RESTORE_hybrid","TAGAP"
"Immune_defective_Cold_RESTORE_hybrid","NCKAP1L"
"Immune_defective_Cold_RESTORE_hybrid","ITGAL"
"Immune_defective_Cold_RESTORE_hybrid","KLRK1"
"Immune_defective_Cold_RESTORE_hybrid","SEPT1"
"Immune_defective_Cold_RESTORE_hybrid","SLAMF6"
"Immune_defective_Cold_RESTORE_hybrid","SIT1"
"Immune_defective_Cold_RESTORE_hybrid","CD38"
"Immune_defective_Cold_RESTORE_hybrid","C16orf54"
"Immune_defective_Cold_RESTORE_hybrid","IL21R"
"Immune_defective_Cold_RESTORE_hybrid","RASAL3"
"Immune_defective_Cold_RESTORE_hybrid","SECTM1"
"Immune_defective_Cold_RESTORE_hybrid","KLHDC7B"
"Immune_defective_Cold_RESTORE_hybrid","CD247"
"Immune_defective_Cold_RESTORE_hybrid","CXCR6"
"Immune_defective_Cold_RESTORE_hybrid","C1QB"
"Immune_defective_Cold_RESTORE_hybrid","SASH3"
"Immune_defective_Cold_RESTORE_hybrid","PTPN6"
"Immune_defective_Cold_RESTORE_hybrid","SP140"
"Immune_defective_Cold_RESTORE_hybrid","VAV1"
"Immune_defective_Cold_RESTORE_hybrid","RARRES3"
"Immune_defective_Cold_RESTORE_hybrid","SCIMP"
"Immune_defective_Cold_RESTORE_hybrid","CD6"
"Immune_defective_Cold_RESTORE_hybrid","APBB1IP"
"Immune_defective_Cold_RESTORE_hybrid","NCF1"
"Immune_defective_Cold_RESTORE_hybrid","IKZF3"
"Immune_defective_Cold_RESTORE_hybrid","TBX21"
"Immune_defective_Cold_RESTORE_hybrid","CD74"
"Immune_defective_Cold_RESTORE_hybrid","PLEK"
"Immune_defective_Cold_RESTORE_hybrid","IL12RB1"
"Immune_defective_Cold_RESTORE_hybrid","IL10RA"
"Immune_defective_Cold_RESTORE_hybrid","INPP5D"
"Immune_defective_Cold_RESTORE_hybrid","UBE2L6"
"Immune_defective_Cold_RESTORE_hybrid","CD72"
"Immune_defective_Cold_RESTORE_hybrid","TYMP"
"Immune_defective_Cold_RESTORE_hybrid","EPSTI1"
"Immune_defective_Cold_RESTORE_hybrid","SERPINA1"
"Immune_defective_Cold_RESTORE_hybrid","LCP1"
"Immune_defective_Cold_RESTORE_hybrid","HLA-DRA"
"Immune_defective_Cold_RESTORE_hybrid","HLA-DMB"
"Immune_defective_Cold_RESTORE_hybrid","CD53"
"Immune_defective_Cold_RESTORE_hybrid","SAMD3"
"Immune_defective_Cold_RESTORE_hybrid","GZMH"
"Immune_defective_Cold_RESTORE_hybrid","HLA-DQA1"
"Myeloid_Treg_Immunosuppressive_SUPPRESS_curated","IL15RA"
"Myeloid_Treg_Immunosuppressive_SUPPRESS_curated","PIK3AP1"
"Myeloid_Treg_Immunosuppressive_SUPPRESS_curated","PLEK"
"Myeloid_Treg_Immunosuppressive_SUPPRESS_curated","TMEM176B"
"Myeloid_Treg_Immunosuppressive_SUPPRESS_curated","MNDA"
"Myeloid_Treg_Immunosuppressive_SUPPRESS_curated","CTSC"
"Myeloid_Treg_Immunosuppressive_SUPPRESS_curated","PTPN6"
"Myeloid_Treg_Immunosuppressive_SUPPRESS_curated","CD53"
"Myeloid_Treg_Immunosuppressive_SUPPRESS_curated","LST1"
"Myeloid_Treg_Immunosuppressive_SUPPRESS_curated","LYZ"
"Myeloid_Treg_Immunosuppressive_SUPPRESS_curated","TYROBP"
"Myeloid_Treg_Immunosuppressive_SUPPRESS_curated","FCER1G"
"Myeloid_Treg_Immunosuppressive_SUPPRESS_curated","AIF1"
"Myeloid_Treg_Immunosuppressive_SUPPRESS_curated","CD14"
"Myeloid_Treg_Immunosuppressive_SUPPRESS_curated","FCGR3A"
"Myeloid_Treg_Immunosuppressive_SUPPRESS_curated","CD68"
"Myeloid_Treg_Immunosuppressive_SUPPRESS_curated","C1QA"
"Myeloid_Treg_Immunosuppressive_SUPPRESS_curated","C1QB"
"Myeloid_Treg_Immunosuppressive_SUPPRESS_curated","C1QC"
"Myeloid_Treg_Immunosuppressive_SUPPRESS_curated","S100A8"
"Myeloid_Treg_Immunosuppressive_SUPPRESS_curated","S100A9"
"Myeloid_Treg_Immunosuppressive_SUPPRESS_curated","IL1B"
"Myeloid_Treg_Immunosuppressive_SUPPRESS_curated","CXCL8"
"Myeloid_Treg_Immunosuppressive_SUPPRESS_curated","TREM1"
"Myeloid_Treg_Immunosuppressive_SUPPRESS_curated","SPP1"
"Myeloid_Treg_Immunosuppressive_SUPPRESS_curated","LILRB2"
"Myeloid_Treg_Immunosuppressive_SUPPRESS_curated","FOXP3"
"Myeloid_Treg_Immunosuppressive_SUPPRESS_curated","IL2RA"
"Myeloid_Treg_Immunosuppressive_SUPPRESS_curated","CTLA4"
"Myeloid_Treg_Immunosuppressive_SUPPRESS_curated","TIGIT"
"Myeloid_Treg_Immunosuppressive_SUPPRESS_curated","ENTPD1"
"Myeloid_Treg_Immunosuppressive_SUPPRESS_curated","IKZF2"
"Myeloid_Treg_Immunosuppressive_SUPPRESS_curated","CCR8"
"Myeloid_Treg_Immunosuppressive_SUPPRESS_curated","TNFRSF18"
"Myeloid_Treg_Immunosuppressive_SUPPRESS_data_driven","IL15RA"
"Myeloid_Treg_Immunosuppressive_SUPPRESS_data_driven","PIK3AP1"
"Myeloid_Treg_Immunosuppressive_SUPPRESS_data_driven","PLEK"
"Myeloid_Treg_Immunosuppressive_SUPPRESS_data_driven","TMEM176B"
"Myeloid_Treg_Immunosuppressive_SUPPRESS_data_driven","MNDA"
"Myeloid_Treg_Immunosuppressive_SUPPRESS_data_driven","CTSC"
"Myeloid_Treg_Immunosuppressive_SUPPRESS_data_driven","DAPP1"
"Myeloid_Treg_Immunosuppressive_SUPPRESS_data_driven","PTPN6"
"Myeloid_Treg_Immunosuppressive_SUPPRESS_data_driven","TNFAIP8"
"Myeloid_Treg_Immunosuppressive_SUPPRESS_data_driven","CD53"
"Myeloid_Treg_Immunosuppressive_SUPPRESS_data_driven","NCF4"
"Myeloid_Treg_Immunosuppressive_SUPPRESS_data_driven","CCL3"
"Myeloid_Treg_Immunosuppressive_SUPPRESS_data_driven","HCK"
"Myeloid_Treg_Immunosuppressive_SUPPRESS_data_driven","TMEM176A"
"Myeloid_Treg_Immunosuppressive_SUPPRESS_data_driven","CD300LF"
"Myeloid_Treg_Immunosuppressive_SUPPRESS_data_driven","CD52"
"Myeloid_Treg_Immunosuppressive_SUPPRESS_data_driven","SRGN"
"Myeloid_Treg_Immunosuppressive_SUPPRESS_data_driven","ST8SIA4"
"Myeloid_Treg_Immunosuppressive_SUPPRESS_data_driven","LCP1"
"Myeloid_Treg_Immunosuppressive_SUPPRESS_data_driven","SASH3"
"Myeloid_Treg_Immunosuppressive_SUPPRESS_data_driven","CYBB"
"Myeloid_Treg_Immunosuppressive_SUPPRESS_data_driven","PTPRC"
"Myeloid_Treg_Immunosuppressive_SUPPRESS_data_driven","SLC7A7"
"Myeloid_Treg_Immunosuppressive_SUPPRESS_data_driven","GZMB"
"Myeloid_Treg_Immunosuppressive_SUPPRESS_data_driven","RBM47"
"Myeloid_Treg_Immunosuppressive_SUPPRESS_data_driven","PTPN22"
"Myeloid_Treg_Immunosuppressive_SUPPRESS_data_driven","LAPTM5"
"Myeloid_Treg_Immunosuppressive_SUPPRESS_data_driven","ITGB2"
"Myeloid_Treg_Immunosuppressive_SUPPRESS_data_driven","LYZ"
"Myeloid_Treg_Immunosuppressive_SUPPRESS_data_driven","SERPINA1"
"Myeloid_Treg_Immunosuppressive_SUPPRESS_data_driven","CXorf21"
"Myeloid_Treg_Immunosuppressive_SUPPRESS_data_driven","LST1"
"Myeloid_Treg_Immunosuppressive_SUPPRESS_data_driven","HK3"
"Myeloid_Treg_Immunosuppressive_SUPPRESS_data_driven","TNFAIP8L2"
"Myeloid_Treg_Immunosuppressive_SUPPRESS_data_driven","SNX20"
"Myeloid_Treg_Immunosuppressive_SUPPRESS_data_driven","CSF2RB"
"Myeloid_Treg_Immunosuppressive_SUPPRESS_data_driven","TAGAP"
"Myeloid_Treg_Immunosuppressive_SUPPRESS_data_driven","RGL4"
"Myeloid_Treg_Immunosuppressive_SUPPRESS_data_driven","DOK2"
"Myeloid_Treg_Immunosuppressive_SUPPRESS_data_driven","FAM107B"
"Myeloid_Treg_Immunosuppressive_SUPPRESS_data_driven","IL32"
"Myeloid_Treg_Immunosuppressive_SUPPRESS_data_driven","HCST"
"Myeloid_Treg_Immunosuppressive_SUPPRESS_data_driven","CD247"
"Myeloid_Treg_Immunosuppressive_SUPPRESS_data_driven","BIN2"
"Myeloid_Treg_Immunosuppressive_SUPPRESS_data_driven","CD48"
"Myeloid_Treg_Immunosuppressive_SUPPRESS_data_driven","RFTN1"
"Myeloid_Treg_Immunosuppressive_SUPPRESS_data_driven","STK17B"
"Myeloid_Treg_Immunosuppressive_SUPPRESS_data_driven","SIT1"
"Myeloid_Treg_Immunosuppressive_SUPPRESS_data_driven","CD3D"
"Myeloid_Treg_Immunosuppressive_SUPPRESS_data_driven","AIF1"
"Myeloid_Treg_Immunosuppressive_SUPPRESS_data_driven","PARP12"
"Myeloid_Treg_Immunosuppressive_SUPPRESS_data_driven","C10orf128"
"Myeloid_Treg_Immunosuppressive_SUPPRESS_data_driven","PTPN7"
"Myeloid_Treg_Immunosuppressive_SUPPRESS_data_driven","NCF2"
"Myeloid_Treg_Immunosuppressive_SUPPRESS_data_driven","NCKAP1L"
"Myeloid_Treg_Immunosuppressive_SUPPRESS_data_driven","LY75"
"Myeloid_Treg_Immunosuppressive_SUPPRESS_data_driven","CD300A"
"Myeloid_Treg_Immunosuppressive_SUPPRESS_data_driven","RAC2"
"Myeloid_Treg_Immunosuppressive_SUPPRESS_data_driven","CD180"
"Myeloid_Treg_Immunosuppressive_SUPPRESS_data_driven","LCK"
"Myeloid_Treg_Immunosuppressive_SUPPRESS_data_driven","GATA3"
"Myeloid_Treg_Immunosuppressive_SUPPRESS_data_driven","SAMSN1"
"Myeloid_Treg_Immunosuppressive_SUPPRESS_data_driven","SLAMF8"
"Myeloid_Treg_Immunosuppressive_SUPPRESS_data_driven","FCN1"
"Myeloid_Treg_Immunosuppressive_SUPPRESS_data_driven","LILRB4"
"Myeloid_Treg_Immunosuppressive_SUPPRESS_data_driven","TYMP"
"Myeloid_Treg_Immunosuppressive_SUPPRESS_data_driven","GIMAP4"
"Myeloid_Treg_Immunosuppressive_SUPPRESS_data_driven","GIMAP6"
"Myeloid_Treg_Immunosuppressive_SUPPRESS_data_driven","NFAM1"
"Myeloid_Treg_Immunosuppressive_SUPPRESS_data_driven","CD3G"
"Myeloid_Treg_Immunosuppressive_SUPPRESS_data_driven","PDCD1LG2"
"Myeloid_Treg_Immunosuppressive_SUPPRESS_data_driven","IL2RG"
"Myeloid_Treg_Immunosuppressive_SUPPRESS_data_driven","ALOX5"
"Myeloid_Treg_Immunosuppressive_SUPPRESS_data_driven","MYO1G"
"Myeloid_Treg_Immunosuppressive_SUPPRESS_data_driven","GIMAP7"
"Myeloid_Treg_Immunosuppressive_SUPPRESS_data_driven","RASAL3"
"Myeloid_Treg_Immunosuppressive_SUPPRESS_data_driven","TNFRSF18"
"Myeloid_Treg_Immunosuppressive_SUPPRESS_data_driven","TMSB4X"
"Myeloid_Treg_Immunosuppressive_SUPPRESS_data_driven","CYTIP"
"Myeloid_Treg_Immunosuppressive_SUPPRESS_data_driven","ZAP70"
"Myeloid_Treg_Immunosuppressive_SUPPRESS_data_driven","CD2"
"Myeloid_Treg_Immunosuppressive_SUPPRESS_data_driven","CCL2"
"Myeloid_Treg_Immunosuppressive_SUPPRESS_data_driven","CD5"
"Myeloid_Treg_Immunosuppressive_SUPPRESS_data_driven","ACAP1"
"Myeloid_Treg_Immunosuppressive_SUPPRESS_data_driven","ADCY7"
"Myeloid_Treg_Immunosuppressive_SUPPRESS_data_driven","IL21R"
"Myeloid_Treg_Immunosuppressive_SUPPRESS_data_driven","PTGER4"
"Myeloid_Treg_Immunosuppressive_SUPPRESS_data_driven","CD96"
"Myeloid_Treg_Immunosuppressive_SUPPRESS_data_driven","MPEG1"
"Myeloid_Treg_Immunosuppressive_SUPPRESS_data_driven","BLNK"
"Myeloid_Treg_Immunosuppressive_SUPPRESS_data_driven","BATF"
"Myeloid_Treg_Immunosuppressive_SUPPRESS_data_driven","C1QC"
"Myeloid_Treg_Immunosuppressive_SUPPRESS_data_driven","C1orf162"
"Myeloid_Treg_Immunosuppressive_SUPPRESS_data_driven","CCDC69"
"Myeloid_Treg_Immunosuppressive_SUPPRESS_data_driven","CCR2"
"Myeloid_Treg_Immunosuppressive_SUPPRESS_data_driven","GPR132"
"Myeloid_Treg_Immunosuppressive_SUPPRESS_data_driven","TRAF3IP3"
"Myeloid_Treg_Immunosuppressive_SUPPRESS_data_driven","LILRB1"
"Myeloid_Treg_Immunosuppressive_SUPPRESS_data_driven","WAS"
"Myeloid_Treg_Immunosuppressive_SUPPRESS_data_driven","DPYD"
"Myeloid_Treg_Immunosuppressive_SUPPRESS_hybrid","IL15RA"
"Myeloid_Treg_Immunosuppressive_SUPPRESS_hybrid","PIK3AP1"
"Myeloid_Treg_Immunosuppressive_SUPPRESS_hybrid","PLEK"
"Myeloid_Treg_Immunosuppressive_SUPPRESS_hybrid","TMEM176B"
"Myeloid_Treg_Immunosuppressive_SUPPRESS_hybrid","MNDA"
"Myeloid_Treg_Immunosuppressive_SUPPRESS_hybrid","CTSC"
"Myeloid_Treg_Immunosuppressive_SUPPRESS_hybrid","PTPN6"
"Myeloid_Treg_Immunosuppressive_SUPPRESS_hybrid","CD53"
"Myeloid_Treg_Immunosuppressive_SUPPRESS_hybrid","LST1"
"Myeloid_Treg_Immunosuppressive_SUPPRESS_hybrid","LYZ"
"Myeloid_Treg_Immunosuppressive_SUPPRESS_hybrid","TYROBP"
"Myeloid_Treg_Immunosuppressive_SUPPRESS_hybrid","FCER1G"
"Myeloid_Treg_Immunosuppressive_SUPPRESS_hybrid","AIF1"
"Myeloid_Treg_Immunosuppressive_SUPPRESS_hybrid","CD14"
"Myeloid_Treg_Immunosuppressive_SUPPRESS_hybrid","FCGR3A"
"Myeloid_Treg_Immunosuppressive_SUPPRESS_hybrid","CD68"
"Myeloid_Treg_Immunosuppressive_SUPPRESS_hybrid","C1QA"
"Myeloid_Treg_Immunosuppressive_SUPPRESS_hybrid","C1QB"
"Myeloid_Treg_Immunosuppressive_SUPPRESS_hybrid","C1QC"
"Myeloid_Treg_Immunosuppressive_SUPPRESS_hybrid","S100A8"
"Myeloid_Treg_Immunosuppressive_SUPPRESS_hybrid","S100A9"
"Myeloid_Treg_Immunosuppressive_SUPPRESS_hybrid","IL1B"
"Myeloid_Treg_Immunosuppressive_SUPPRESS_hybrid","CXCL8"
"Myeloid_Treg_Immunosuppressive_SUPPRESS_hybrid","TREM1"
"Myeloid_Treg_Immunosuppressive_SUPPRESS_hybrid","SPP1"
"Myeloid_Treg_Immunosuppressive_SUPPRESS_hybrid","LILRB2"
"Myeloid_Treg_Immunosuppressive_SUPPRESS_hybrid","FOXP3"
"Myeloid_Treg_Immunosuppressive_SUPPRESS_hybrid","IL2RA"
"Myeloid_Treg_Immunosuppressive_SUPPRESS_hybrid","CTLA4"
"Myeloid_Treg_Immunosuppressive_SUPPRESS_hybrid","TIGIT"
"Myeloid_Treg_Immunosuppressive_SUPPRESS_hybrid","ENTPD1"
"Myeloid_Treg_Immunosuppressive_SUPPRESS_hybrid","IKZF2"
"Myeloid_Treg_Immunosuppressive_SUPPRESS_hybrid","CCR8"
"Myeloid_Treg_Immunosuppressive_SUPPRESS_hybrid","TNFRSF18"
"Myeloid_Treg_Immunosuppressive_SUPPRESS_hybrid","DAPP1"
"Myeloid_Treg_Immunosuppressive_SUPPRESS_hybrid","TNFAIP8"
"Myeloid_Treg_Immunosuppressive_SUPPRESS_hybrid","NCF4"
"Myeloid_Treg_Immunosuppressive_SUPPRESS_hybrid","CCL3"
"Myeloid_Treg_Immunosuppressive_SUPPRESS_hybrid","HCK"
"Myeloid_Treg_Immunosuppressive_SUPPRESS_hybrid","TMEM176A"
"Myeloid_Treg_Immunosuppressive_SUPPRESS_hybrid","CD300LF"
"Myeloid_Treg_Immunosuppressive_SUPPRESS_hybrid","CD52"
"Myeloid_Treg_Immunosuppressive_SUPPRESS_hybrid","SRGN"
"Myeloid_Treg_Immunosuppressive_SUPPRESS_hybrid","ST8SIA4"
"Myeloid_Treg_Immunosuppressive_SUPPRESS_hybrid","LCP1"
"Myeloid_Treg_Immunosuppressive_SUPPRESS_hybrid","SASH3"
"Myeloid_Treg_Immunosuppressive_SUPPRESS_hybrid","CYBB"
"Myeloid_Treg_Immunosuppressive_SUPPRESS_hybrid","PTPRC"
"Myeloid_Treg_Immunosuppressive_SUPPRESS_hybrid","SLC7A7"
"Myeloid_Treg_Immunosuppressive_SUPPRESS_hybrid","GZMB"
"Myeloid_Treg_Immunosuppressive_SUPPRESS_hybrid","RBM47"
"Myeloid_Treg_Immunosuppressive_SUPPRESS_hybrid","PTPN22"
"Myeloid_Treg_Immunosuppressive_SUPPRESS_hybrid","LAPTM5"
"Myeloid_Treg_Immunosuppressive_SUPPRESS_hybrid","ITGB2"
"Myeloid_Treg_Immunosuppressive_SUPPRESS_hybrid","SERPINA1"
"Myeloid_Treg_Immunosuppressive_SUPPRESS_hybrid","CXorf21"
"Myeloid_Treg_Immunosuppressive_SUPPRESS_hybrid","HK3"
"Myeloid_Treg_Immunosuppressive_SUPPRESS_hybrid","TNFAIP8L2"
"Myeloid_Treg_Immunosuppressive_SUPPRESS_hybrid","SNX20"
"Myeloid_Treg_Immunosuppressive_SUPPRESS_hybrid","CSF2RB"
"Myeloid_Treg_Immunosuppressive_SUPPRESS_hybrid","TAGAP"
"Myeloid_Treg_Immunosuppressive_SUPPRESS_hybrid","RGL4"
"Myeloid_Treg_Immunosuppressive_SUPPRESS_hybrid","DOK2"
"Myeloid_Treg_Immunosuppressive_SUPPRESS_hybrid","FAM107B"
"Myeloid_Treg_Immunosuppressive_SUPPRESS_hybrid","IL32"
"Myeloid_Treg_Immunosuppressive_SUPPRESS_hybrid","HCST"
"Myeloid_Treg_Immunosuppressive_SUPPRESS_hybrid","CD247"
"Myeloid_Treg_Immunosuppressive_SUPPRESS_hybrid","BIN2"
"Myeloid_Treg_Immunosuppressive_SUPPRESS_hybrid","CD48"
"Myeloid_Treg_Immunosuppressive_SUPPRESS_hybrid","RFTN1"
"Myeloid_Treg_Immunosuppressive_SUPPRESS_hybrid","STK17B"
"Myeloid_Treg_Immunosuppressive_SUPPRESS_hybrid","SIT1"
"Myeloid_Treg_Immunosuppressive_SUPPRESS_hybrid","CD3D"
"Tumor_dedifferentiation_Stromal_remodeling_SUPPRESS_curated","AXL"
"Tumor_dedifferentiation_Stromal_remodeling_SUPPRESS_curated","NGFR"
"Tumor_dedifferentiation_Stromal_remodeling_SUPPRESS_curated","WNT5A"
"Tumor_dedifferentiation_Stromal_remodeling_SUPPRESS_curated","EGFR"
"Tumor_dedifferentiation_Stromal_remodeling_SUPPRESS_curated","SOX9"
"Tumor_dedifferentiation_Stromal_remodeling_SUPPRESS_curated","VIM"
"Tumor_dedifferentiation_Stromal_remodeling_SUPPRESS_curated","FN1"
"Tumor_dedifferentiation_Stromal_remodeling_SUPPRESS_curated","ITGA5"
"Tumor_dedifferentiation_Stromal_remodeling_SUPPRESS_curated","TNC"
"Tumor_dedifferentiation_Stromal_remodeling_SUPPRESS_curated","LOXL2"
"Tumor_dedifferentiation_Stromal_remodeling_SUPPRESS_curated","ZEB1"
"Tumor_dedifferentiation_Stromal_remodeling_SUPPRESS_curated","COL1A1"
"Tumor_dedifferentiation_Stromal_remodeling_SUPPRESS_curated","COL1A2"
"Tumor_dedifferentiation_Stromal_remodeling_SUPPRESS_curated","COL3A1"
"Tumor_dedifferentiation_Stromal_remodeling_SUPPRESS_curated","COL5A1"
"Tumor_dedifferentiation_Stromal_remodeling_SUPPRESS_curated","COL5A2"
"Tumor_dedifferentiation_Stromal_remodeling_SUPPRESS_curated","COL6A1"
"Tumor_dedifferentiation_Stromal_remodeling_SUPPRESS_curated","COL6A2"
"Tumor_dedifferentiation_Stromal_remodeling_SUPPRESS_curated","COL6A3"
"Tumor_dedifferentiation_Stromal_remodeling_SUPPRESS_curated","COL12A1"
"Tumor_dedifferentiation_Stromal_remodeling_SUPPRESS_curated","VCAN"
"Tumor_dedifferentiation_Stromal_remodeling_SUPPRESS_curated","FBN1"
"Tumor_dedifferentiation_Stromal_remodeling_SUPPRESS_curated","DCN"
"Tumor_dedifferentiation_Stromal_remodeling_SUPPRESS_curated","LUM"
"Tumor_dedifferentiation_Stromal_remodeling_SUPPRESS_curated","THBS1"
"Tumor_dedifferentiation_Stromal_remodeling_SUPPRESS_curated","MMP2"
"Tumor_dedifferentiation_Stromal_remodeling_SUPPRESS_curated","MMP9"
"Tumor_dedifferentiation_Stromal_remodeling_SUPPRESS_curated","TGFB1"
"Tumor_dedifferentiation_Stromal_remodeling_SUPPRESS_curated","TGFB3"
"Tumor_dedifferentiation_Stromal_remodeling_SUPPRESS_curated","TGFBI"
"Tumor_dedifferentiation_Stromal_remodeling_SUPPRESS_curated","SERPINE1"
"Tumor_dedifferentiation_Stromal_remodeling_SUPPRESS_curated","PLAUR"
"Tumor_dedifferentiation_Stromal_remodeling_SUPPRESS_curated","PLAU"
"Tumor_dedifferentiation_Stromal_remodeling_SUPPRESS_curated","INHBA"
"Tumor_dedifferentiation_Stromal_remodeling_SUPPRESS_curated","THY1"
"Tumor_dedifferentiation_Stromal_remodeling_SUPPRESS_curated","PXDN"
"Tumor_dedifferentiation_Stromal_remodeling_SUPPRESS_curated","ADAM12"
"Tumor_dedifferentiation_Stromal_remodeling_SUPPRESS_curated","MRC2"
"Tumor_dedifferentiation_Stromal_remodeling_SUPPRESS_curated","PRRX2"
"Tumor_dedifferentiation_Stromal_remodeling_SUPPRESS_curated","LPAR1"
"Tumor_dedifferentiation_Stromal_remodeling_SUPPRESS_data_driven","COL12A1"
"Tumor_dedifferentiation_Stromal_remodeling_SUPPRESS_data_driven","PXDN"
"Tumor_dedifferentiation_Stromal_remodeling_SUPPRESS_data_driven","COL6A2"
"Tumor_dedifferentiation_Stromal_remodeling_SUPPRESS_data_driven","UNC5B"
"Tumor_dedifferentiation_Stromal_remodeling_SUPPRESS_data_driven","VCAN"
"Tumor_dedifferentiation_Stromal_remodeling_SUPPRESS_data_driven","CLMP"
"Tumor_dedifferentiation_Stromal_remodeling_SUPPRESS_data_driven","PLAUR"
"Tumor_dedifferentiation_Stromal_remodeling_SUPPRESS_data_driven","COL6A1"
"Tumor_dedifferentiation_Stromal_remodeling_SUPPRESS_data_driven","FAM20C"
"Tumor_dedifferentiation_Stromal_remodeling_SUPPRESS_data_driven","COL5A2"
"Tumor_dedifferentiation_Stromal_remodeling_SUPPRESS_data_driven","COL15A1"
"Tumor_dedifferentiation_Stromal_remodeling_SUPPRESS_data_driven","SH2B3"
"Tumor_dedifferentiation_Stromal_remodeling_SUPPRESS_data_driven","LOXL2"
"Tumor_dedifferentiation_Stromal_remodeling_SUPPRESS_data_driven","PLAU"
"Tumor_dedifferentiation_Stromal_remodeling_SUPPRESS_data_driven","EGFR"
"Tumor_dedifferentiation_Stromal_remodeling_SUPPRESS_data_driven","SOCS3"
"Tumor_dedifferentiation_Stromal_remodeling_SUPPRESS_data_driven","COL5A1"
"Tumor_dedifferentiation_Stromal_remodeling_SUPPRESS_data_driven","PRRX2"
"Tumor_dedifferentiation_Stromal_remodeling_SUPPRESS_data_driven","TP53I11"
"Tumor_dedifferentiation_Stromal_remodeling_SUPPRESS_data_driven","MRC2"
"Tumor_dedifferentiation_Stromal_remodeling_SUPPRESS_data_driven","NGEF"
"Tumor_dedifferentiation_Stromal_remodeling_SUPPRESS_data_driven","OLFML2B"
"Tumor_dedifferentiation_Stromal_remodeling_SUPPRESS_data_driven","FBN1"
"Tumor_dedifferentiation_Stromal_remodeling_SUPPRESS_data_driven","TIMP1"
"Tumor_dedifferentiation_Stromal_remodeling_SUPPRESS_data_driven","FOSL2"
"Tumor_dedifferentiation_Stromal_remodeling_SUPPRESS_data_driven","ANO1"
"Tumor_dedifferentiation_Stromal_remodeling_SUPPRESS_data_driven","NID2"
"Tumor_dedifferentiation_Stromal_remodeling_SUPPRESS_data_driven","BICC1"
"Tumor_dedifferentiation_Stromal_remodeling_SUPPRESS_data_driven","ZEB1"
"Tumor_dedifferentiation_Stromal_remodeling_SUPPRESS_data_driven","LPAR1"
"Tumor_dedifferentiation_Stromal_remodeling_SUPPRESS_data_driven","LTBP2"
"Tumor_dedifferentiation_Stromal_remodeling_SUPPRESS_data_driven","VDR"
"Tumor_dedifferentiation_Stromal_remodeling_SUPPRESS_data_driven","MYOF"
"Tumor_dedifferentiation_Stromal_remodeling_SUPPRESS_data_driven","IGFBP6"
"Tumor_dedifferentiation_Stromal_remodeling_SUPPRESS_data_driven","COL6A3"
"Tumor_dedifferentiation_Stromal_remodeling_SUPPRESS_data_driven","PODXL"
"Tumor_dedifferentiation_Stromal_remodeling_SUPPRESS_data_driven","OSMR"
"Tumor_dedifferentiation_Stromal_remodeling_SUPPRESS_data_driven","FST"
"Tumor_dedifferentiation_Stromal_remodeling_SUPPRESS_data_driven","ECE1"
"Tumor_dedifferentiation_Stromal_remodeling_SUPPRESS_data_driven","TPBG"
"Tumor_dedifferentiation_Stromal_remodeling_SUPPRESS_data_driven","C1R"
"Tumor_dedifferentiation_Stromal_remodeling_SUPPRESS_data_driven","ADAM19"
"Tumor_dedifferentiation_Stromal_remodeling_SUPPRESS_data_driven","RASA4B"
"Tumor_dedifferentiation_Stromal_remodeling_SUPPRESS_data_driven","COL1A1"
"Tumor_dedifferentiation_Stromal_remodeling_SUPPRESS_data_driven","JUNB"
"Tumor_dedifferentiation_Stromal_remodeling_SUPPRESS_data_driven","INHBA"
"Tumor_dedifferentiation_Stromal_remodeling_SUPPRESS_data_driven","CSRNP1"
"Tumor_dedifferentiation_Stromal_remodeling_SUPPRESS_data_driven","RUNX1"
"Tumor_dedifferentiation_Stromal_remodeling_SUPPRESS_data_driven","CDH11"
"Tumor_dedifferentiation_Stromal_remodeling_SUPPRESS_data_driven","GPC6"
"Tumor_dedifferentiation_Stromal_remodeling_SUPPRESS_data_driven","NHS"
"Tumor_dedifferentiation_Stromal_remodeling_SUPPRESS_data_driven","TMEM2"
"Tumor_dedifferentiation_Stromal_remodeling_SUPPRESS_data_driven","CD248"
"Tumor_dedifferentiation_Stromal_remodeling_SUPPRESS_data_driven","GALNT10"
"Tumor_dedifferentiation_Stromal_remodeling_SUPPRESS_data_driven","CALHM2"
"Tumor_dedifferentiation_Stromal_remodeling_SUPPRESS_data_driven","ANPEP"
"Tumor_dedifferentiation_Stromal_remodeling_SUPPRESS_data_driven","COLEC12"
"Tumor_dedifferentiation_Stromal_remodeling_SUPPRESS_data_driven","ADAMTS12"
"Tumor_dedifferentiation_Stromal_remodeling_SUPPRESS_data_driven","IFNGR2"
"Tumor_dedifferentiation_Stromal_remodeling_SUPPRESS_data_driven","FNDC1"
"Tumor_dedifferentiation_Stromal_remodeling_SUPPRESS_data_driven","TGFBI"
"Tumor_dedifferentiation_Stromal_remodeling_SUPPRESS_data_driven","BGN"
"Tumor_dedifferentiation_Stromal_remodeling_SUPPRESS_data_driven","CCM2"
"Tumor_dedifferentiation_Stromal_remodeling_SUPPRESS_data_driven","HK1"
"Tumor_dedifferentiation_Stromal_remodeling_SUPPRESS_data_driven","ITGA5"
"Tumor_dedifferentiation_Stromal_remodeling_SUPPRESS_data_driven","MAP1A"
"Tumor_dedifferentiation_Stromal_remodeling_SUPPRESS_data_driven","ZYX"
"Tumor_dedifferentiation_Stromal_remodeling_SUPPRESS_data_driven","IER3"
"Tumor_dedifferentiation_Stromal_remodeling_SUPPRESS_data_driven","TNFRSF1A"
"Tumor_dedifferentiation_Stromal_remodeling_SUPPRESS_data_driven","RAB31"
"Tumor_dedifferentiation_Stromal_remodeling_SUPPRESS_data_driven","GNAI2"
"Tumor_dedifferentiation_Stromal_remodeling_SUPPRESS_data_driven","ENG"
"Tumor_dedifferentiation_Stromal_remodeling_SUPPRESS_data_driven","ZNF385A"
"Tumor_dedifferentiation_Stromal_remodeling_SUPPRESS_data_driven","NRP1"
"Tumor_dedifferentiation_Stromal_remodeling_SUPPRESS_data_driven","MMP19"
"Tumor_dedifferentiation_Stromal_remodeling_SUPPRESS_data_driven","B4GALT1"
"Tumor_dedifferentiation_Stromal_remodeling_SUPPRESS_data_driven","COL1A2"
"Tumor_dedifferentiation_Stromal_remodeling_SUPPRESS_data_driven","MT2A"
"Tumor_dedifferentiation_Stromal_remodeling_SUPPRESS_data_driven","GFPT2"
"Tumor_dedifferentiation_Stromal_remodeling_SUPPRESS_data_driven","ADAM12"
"Tumor_dedifferentiation_Stromal_remodeling_SUPPRESS_data_driven","KDELC2"
"Tumor_dedifferentiation_Stromal_remodeling_SUPPRESS_data_driven","EMILIN1"
"Tumor_dedifferentiation_Stromal_remodeling_SUPPRESS_data_driven","SLIT2"
"Tumor_dedifferentiation_Stromal_remodeling_SUPPRESS_data_driven","EPHB6"
"Tumor_dedifferentiation_Stromal_remodeling_SUPPRESS_data_driven","NPDC1"
"Tumor_dedifferentiation_Stromal_remodeling_SUPPRESS_data_driven","GLIS2"
"Tumor_dedifferentiation_Stromal_remodeling_SUPPRESS_data_driven","ADAMTS9"
"Tumor_dedifferentiation_Stromal_remodeling_SUPPRESS_data_driven","TADA3"
"Tumor_dedifferentiation_Stromal_remodeling_SUPPRESS_data_driven","TNC"
"Tumor_dedifferentiation_Stromal_remodeling_SUPPRESS_data_driven","SLC20A1"
"Tumor_dedifferentiation_Stromal_remodeling_SUPPRESS_data_driven","COL8A1"
"Tumor_dedifferentiation_Stromal_remodeling_SUPPRESS_data_driven","LMO7"
"Tumor_dedifferentiation_Stromal_remodeling_SUPPRESS_data_driven","COL3A1"
"Tumor_dedifferentiation_Stromal_remodeling_SUPPRESS_data_driven","SULF2"
"Tumor_dedifferentiation_Stromal_remodeling_SUPPRESS_data_driven","EFEMP1"
"Tumor_dedifferentiation_Stromal_remodeling_SUPPRESS_data_driven","TGFB3"
"Tumor_dedifferentiation_Stromal_remodeling_SUPPRESS_data_driven","THY1"
"Tumor_dedifferentiation_Stromal_remodeling_SUPPRESS_data_driven","IFITM3"
"Tumor_dedifferentiation_Stromal_remodeling_SUPPRESS_data_driven","PMEPA1"
"Tumor_dedifferentiation_Stromal_remodeling_SUPPRESS_data_driven","FAM89B"
"Tumor_dedifferentiation_Stromal_remodeling_SUPPRESS_hybrid","AXL"
"Tumor_dedifferentiation_Stromal_remodeling_SUPPRESS_hybrid","NGFR"
"Tumor_dedifferentiation_Stromal_remodeling_SUPPRESS_hybrid","WNT5A"
"Tumor_dedifferentiation_Stromal_remodeling_SUPPRESS_hybrid","EGFR"
"Tumor_dedifferentiation_Stromal_remodeling_SUPPRESS_hybrid","SOX9"
"Tumor_dedifferentiation_Stromal_remodeling_SUPPRESS_hybrid","VIM"
"Tumor_dedifferentiation_Stromal_remodeling_SUPPRESS_hybrid","FN1"
"Tumor_dedifferentiation_Stromal_remodeling_SUPPRESS_hybrid","ITGA5"
"Tumor_dedifferentiation_Stromal_remodeling_SUPPRESS_hybrid","TNC"
"Tumor_dedifferentiation_Stromal_remodeling_SUPPRESS_hybrid","LOXL2"
"Tumor_dedifferentiation_Stromal_remodeling_SUPPRESS_hybrid","ZEB1"
"Tumor_dedifferentiation_Stromal_remodeling_SUPPRESS_hybrid","COL1A1"
"Tumor_dedifferentiation_Stromal_remodeling_SUPPRESS_hybrid","COL1A2"
"Tumor_dedifferentiation_Stromal_remodeling_SUPPRESS_hybrid","COL3A1"
"Tumor_dedifferentiation_Stromal_remodeling_SUPPRESS_hybrid","COL5A1"
"Tumor_dedifferentiation_Stromal_remodeling_SUPPRESS_hybrid","COL5A2"
"Tumor_dedifferentiation_Stromal_remodeling_SUPPRESS_hybrid","COL6A1"
"Tumor_dedifferentiation_Stromal_remodeling_SUPPRESS_hybrid","COL6A2"
"Tumor_dedifferentiation_Stromal_remodeling_SUPPRESS_hybrid","COL6A3"
"Tumor_dedifferentiation_Stromal_remodeling_SUPPRESS_hybrid","COL12A1"
"Tumor_dedifferentiation_Stromal_remodeling_SUPPRESS_hybrid","VCAN"
"Tumor_dedifferentiation_Stromal_remodeling_SUPPRESS_hybrid","FBN1"
"Tumor_dedifferentiation_Stromal_remodeling_SUPPRESS_hybrid","DCN"
"Tumor_dedifferentiation_Stromal_remodeling_SUPPRESS_hybrid","LUM"
"Tumor_dedifferentiation_Stromal_remodeling_SUPPRESS_hybrid","THBS1"
"Tumor_dedifferentiation_Stromal_remodeling_SUPPRESS_hybrid","MMP2"
"Tumor_dedifferentiation_Stromal_remodeling_SUPPRESS_hybrid","MMP9"
"Tumor_dedifferentiation_Stromal_remodeling_SUPPRESS_hybrid","TGFB1"
"Tumor_dedifferentiation_Stromal_remodeling_SUPPRESS_hybrid","TGFB3"
"Tumor_dedifferentiation_Stromal_remodeling_SUPPRESS_hybrid","TGFBI"
"Tumor_dedifferentiation_Stromal_remodeling_SUPPRESS_hybrid","SERPINE1"
"Tumor_dedifferentiation_Stromal_remodeling_SUPPRESS_hybrid","PLAUR"
"Tumor_dedifferentiation_Stromal_remodeling_SUPPRESS_hybrid","PLAU"
"Tumor_dedifferentiation_Stromal_remodeling_SUPPRESS_hybrid","INHBA"
"Tumor_dedifferentiation_Stromal_remodeling_SUPPRESS_hybrid","THY1"
"Tumor_dedifferentiation_Stromal_remodeling_SUPPRESS_hybrid","PXDN"
"Tumor_dedifferentiation_Stromal_remodeling_SUPPRESS_hybrid","ADAM12"
"Tumor_dedifferentiation_Stromal_remodeling_SUPPRESS_hybrid","MRC2"
"Tumor_dedifferentiation_Stromal_remodeling_SUPPRESS_hybrid","PRRX2"
"Tumor_dedifferentiation_Stromal_remodeling_SUPPRESS_hybrid","LPAR1"
"Tumor_dedifferentiation_Stromal_remodeling_SUPPRESS_hybrid","UNC5B"
"Tumor_dedifferentiation_Stromal_remodeling_SUPPRESS_hybrid","CLMP"
"Tumor_dedifferentiation_Stromal_remodeling_SUPPRESS_hybrid","FAM20C"
"Tumor_dedifferentiation_Stromal_remodeling_SUPPRESS_hybrid","COL15A1"
"Tumor_dedifferentiation_Stromal_remodeling_SUPPRESS_hybrid","SH2B3"
"Tumor_dedifferentiation_Stromal_remodeling_SUPPRESS_hybrid","SOCS3"
"Tumor_dedifferentiation_Stromal_remodeling_SUPPRESS_hybrid","TP53I11"
"Tumor_dedifferentiation_Stromal_remodeling_SUPPRESS_hybrid","NGEF"
"Tumor_dedifferentiation_Stromal_remodeling_SUPPRESS_hybrid","OLFML2B"
"Tumor_dedifferentiation_Stromal_remodeling_SUPPRESS_hybrid","TIMP1"
"Tumor_dedifferentiation_Stromal_remodeling_SUPPRESS_hybrid","FOSL2"
"Tumor_dedifferentiation_Stromal_remodeling_SUPPRESS_hybrid","ANO1"
"Tumor_dedifferentiation_Stromal_remodeling_SUPPRESS_hybrid","NID2"
"Tumor_dedifferentiation_Stromal_remodeling_SUPPRESS_hybrid","BICC1"
"Tumor_dedifferentiation_Stromal_remodeling_SUPPRESS_hybrid","LTBP2"
"Tumor_dedifferentiation_Stromal_remodeling_SUPPRESS_hybrid","VDR"
"Tumor_dedifferentiation_Stromal_remodeling_SUPPRESS_hybrid","MYOF"
"Tumor_dedifferentiation_Stromal_remodeling_SUPPRESS_hybrid","IGFBP6"
"Tumor_dedifferentiation_Stromal_remodeling_SUPPRESS_hybrid","PODXL"
"Tumor_dedifferentiation_Stromal_remodeling_SUPPRESS_hybrid","OSMR"
"Tumor_dedifferentiation_Stromal_remodeling_SUPPRESS_hybrid","FST"
"Tumor_dedifferentiation_Stromal_remodeling_SUPPRESS_hybrid","ECE1"
"Tumor_dedifferentiation_Stromal_remodeling_SUPPRESS_hybrid","TPBG"
"Tumor_dedifferentiation_Stromal_remodeling_SUPPRESS_hybrid","C1R"
"Tumor_dedifferentiation_Stromal_remodeling_SUPPRESS_hybrid","ADAM19"
"Tumor_dedifferentiation_Stromal_remodeling_SUPPRESS_hybrid","RASA4B"
"Tumor_dedifferentiation_Stromal_remodeling_SUPPRESS_hybrid","JUNB"
"Tumor_dedifferentiation_Stromal_remodeling_SUPPRESS_hybrid","CSRNP1"
"Tumor_dedifferentiation_Stromal_remodeling_SUPPRESS_hybrid","RUNX1"
"Tumor_dedifferentiation_Stromal_remodeling_SUPPRESS_hybrid","CDH11"
"Tumor_dedifferentiation_Stromal_remodeling_SUPPRESS_hybrid","GPC6"
"Tumor_dedifferentiation_Stromal_remodeling_SUPPRESS_hybrid","NHS"
"Tumor_dedifferentiation_Stromal_remodeling_SUPPRESS_hybrid","TMEM2"
"Tumor_dedifferentiation_Stromal_remodeling_SUPPRESS_hybrid","CD248"
"Tumor_dedifferentiation_Stromal_remodeling_SUPPRESS_hybrid","GALNT10"
"Tumor_dedifferentiation_Stromal_remodeling_SUPPRESS_hybrid","CALHM2"
"Tumor_dedifferentiation_Stromal_remodeling_SUPPRESS_hybrid","ANPEP"
"Tumor_dedifferentiation_Stromal_remodeling_SUPPRESS_hybrid","COLEC12"
"Tumor_dedifferentiation_Stromal_remodeling_SUPPRESS_hybrid","ADAMTS12"
"Tumor_dedifferentiation_Stromal_remodeling_SUPPRESS_hybrid","IFNGR2"
"Tumor_dedifferentiation_Stromal_remodeling_SUPPRESS_hybrid","FNDC1"
"Melanocytic_Differentiation_REFERENCE_curated","MLANA"
"Melanocytic_Differentiation_REFERENCE_curated","PMEL"
"Melanocytic_Differentiation_REFERENCE_curated","TYR"
"Melanocytic_Differentiation_REFERENCE_curated","DCT"
"Melanocytic_Differentiation_REFERENCE_curated","MITF"
"Melanocytic_Differentiation_REFERENCE_curated","SOX10"
"Melanocytic_Differentiation_REFERENCE_curated","TFAP2A"
"Melanocytic_Differentiation_REFERENCE_curated","S100B"
"Melanocytic_Differentiation_REFERENCE_data_driven","MLANA"
"Melanocytic_Differentiation_REFERENCE_data_driven","DCT"
"Melanocytic_Differentiation_REFERENCE_data_driven","TYR"
"Melanocytic_Differentiation_REFERENCE_data_driven","PMEL"
"Melanocytic_Differentiation_REFERENCE_data_driven","MITF"
"Melanocytic_Differentiation_REFERENCE_data_driven","STK32A"
"Melanocytic_Differentiation_REFERENCE_data_driven","TFAP2A"
"Melanocytic_Differentiation_REFERENCE_data_driven","SYNGR1"
"Melanocytic_Differentiation_REFERENCE_data_driven","GTF2F2"
"Melanocytic_Differentiation_REFERENCE_data_driven","TUBB4A"
"Melanocytic_Differentiation_REFERENCE_data_driven","KCNJ13"
"Melanocytic_Differentiation_REFERENCE_data_driven","MFAP3L"
"Melanocytic_Differentiation_REFERENCE_data_driven","PAX3"
"Melanocytic_Differentiation_REFERENCE_data_driven","CABLES1"
"Melanocytic_Differentiation_REFERENCE_data_driven","PHLPP1"
"Melanocytic_Differentiation_REFERENCE_data_driven","CA14"
"Melanocytic_Differentiation_REFERENCE_data_driven","SEMA6A"
"Melanocytic_Differentiation_REFERENCE_data_driven","MYO10"
"Melanocytic_Differentiation_REFERENCE_data_driven","PPM1H"
"Melanocytic_Differentiation_REFERENCE_data_driven","ILVBL"
"Melanocytic_Differentiation_REFERENCE_data_driven","ST6GALNAC2"
"Melanocytic_Differentiation_REFERENCE_data_driven","CYP2U1"
"Melanocytic_Differentiation_REFERENCE_data_driven","PRAME"
"Melanocytic_Differentiation_REFERENCE_data_driven","SNCA"
"Melanocytic_Differentiation_REFERENCE_data_driven","GCNT2"
"Melanocytic_Differentiation_REFERENCE_data_driven","STX7"
"Melanocytic_Differentiation_REFERENCE_data_driven","IRF4"
"Melanocytic_Differentiation_REFERENCE_data_driven","ADIPOR2"
"Melanocytic_Differentiation_REFERENCE_data_driven","MXI1"
"Melanocytic_Differentiation_REFERENCE_data_driven","CEP295NL"
"Melanocytic_Differentiation_REFERENCE_data_driven","IRS2"
"Melanocytic_Differentiation_REFERENCE_data_driven","ABCB5"
"Melanocytic_Differentiation_REFERENCE_data_driven","LZTS1"
"Melanocytic_Differentiation_REFERENCE_data_driven","ST3GAL4"
"Melanocytic_Differentiation_REFERENCE_data_driven","BBS5"
"Melanocytic_Differentiation_REFERENCE_data_driven","EDNRB"
"Melanocytic_Differentiation_REFERENCE_data_driven","IGSF3"
"Melanocytic_Differentiation_REFERENCE_data_driven","SLC3A2"
"Melanocytic_Differentiation_REFERENCE_data_driven","NLGN1"
"Melanocytic_Differentiation_REFERENCE_data_driven","KIF13A"
"Melanocytic_Differentiation_REFERENCE_data_driven","FDFT1"
"Melanocytic_Differentiation_REFERENCE_data_driven","PFKFB2"
"Melanocytic_Differentiation_REFERENCE_data_driven","STK24"
"Melanocytic_Differentiation_REFERENCE_data_driven","SPAG9"
"Melanocytic_Differentiation_REFERENCE_data_driven","ABTB2"
"Melanocytic_Differentiation_REFERENCE_data_driven","ANXA5"
"Melanocytic_Differentiation_REFERENCE_data_driven","C8orf46"
"Melanocytic_Differentiation_REFERENCE_data_driven","MIPEP"
"Melanocytic_Differentiation_REFERENCE_data_driven","ZNF704"
"Melanocytic_Differentiation_REFERENCE_data_driven","STAM"
"Melanocytic_Differentiation_REFERENCE_data_driven","MRPL44"
"Melanocytic_Differentiation_REFERENCE_data_driven","CPEB2"
"Melanocytic_Differentiation_REFERENCE_data_driven","OTUD7B"
"Melanocytic_Differentiation_REFERENCE_data_driven","LONP2"
"Melanocytic_Differentiation_REFERENCE_data_driven","IFT81"
"Melanocytic_Differentiation_REFERENCE_data_driven","ALX1"
"Melanocytic_Differentiation_REFERENCE_data_driven","SOX6"
"Melanocytic_Differentiation_REFERENCE_data_driven","GPAT4"
"Melanocytic_Differentiation_REFERENCE_data_driven","MYO5A"
"Melanocytic_Differentiation_REFERENCE_data_driven","SLC6A8"
"Melanocytic_Differentiation_REFERENCE_data_driven","MCC"
"Melanocytic_Differentiation_REFERENCE_data_driven","TRIM63"
"Melanocytic_Differentiation_REFERENCE_data_driven","NRBP2"
"Melanocytic_Differentiation_REFERENCE_data_driven","FBXO7"
"Melanocytic_Differentiation_REFERENCE_data_driven","SORT1"
"Melanocytic_Differentiation_REFERENCE_data_driven","CAPN3"
"Melanocytic_Differentiation_REFERENCE_data_driven","TMEM117"
"Melanocytic_Differentiation_REFERENCE_data_driven","KIAA1211"
"Melanocytic_Differentiation_REFERENCE_data_driven","FMN1"
"Melanocytic_Differentiation_REFERENCE_data_driven","ABCC2"
"Melanocytic_Differentiation_REFERENCE_data_driven","MDGA2"
"Melanocytic_Differentiation_REFERENCE_data_driven","SLC24A5"
"Melanocytic_Differentiation_REFERENCE_data_driven","SOCS6"
"Melanocytic_Differentiation_REFERENCE_data_driven","PYURF"
"Melanocytic_Differentiation_REFERENCE_data_driven","DOCK7"
"Melanocytic_Differentiation_REFERENCE_data_driven","OSBPL9"
"Melanocytic_Differentiation_REFERENCE_data_driven","IGSF11"
"Melanocytic_Differentiation_REFERENCE_data_driven","TEX2"
"Melanocytic_Differentiation_REFERENCE_data_driven","VPS25"
"Melanocytic_Differentiation_REFERENCE_data_driven","SLC18B1"
"Melanocytic_Differentiation_REFERENCE_data_driven","SGCD"
"Melanocytic_Differentiation_REFERENCE_data_driven","BEST1"
"Melanocytic_Differentiation_REFERENCE_data_driven","NUFIP1"
"Melanocytic_Differentiation_REFERENCE_data_driven","PCYT2"
"Melanocytic_Differentiation_REFERENCE_data_driven","USP27X"
"Melanocytic_Differentiation_REFERENCE_data_driven","KAT7"
"Melanocytic_Differentiation_REFERENCE_data_driven","DIP2B"
"Melanocytic_Differentiation_REFERENCE_data_driven","ZNF526"
"Melanocytic_Differentiation_REFERENCE_data_driven","TBC1D14"
"Melanocytic_Differentiation_REFERENCE_data_driven","ADGRA3"
"Melanocytic_Differentiation_REFERENCE_data_driven","FAM69C"
"Melanocytic_Differentiation_REFERENCE_data_driven","RGS20"
"Melanocytic_Differentiation_REFERENCE_data_driven","LAPTM4B"
"Melanocytic_Differentiation_REFERENCE_data_driven","VAT1"
"Melanocytic_Differentiation_REFERENCE_data_driven","USP54"
"Melanocytic_Differentiation_REFERENCE_data_driven","POMT2"
"Melanocytic_Differentiation_REFERENCE_data_driven","IL12RB2"
"Melanocytic_Differentiation_REFERENCE_data_driven","PDHA1"
"Melanocytic_Differentiation_REFERENCE_data_driven","MLPH"
"Melanocytic_Differentiation_REFERENCE_data_driven","OR7A5"
"Melanocytic_Differentiation_REFERENCE_hybrid","MLANA"
"Melanocytic_Differentiation_REFERENCE_hybrid","PMEL"
"Melanocytic_Differentiation_REFERENCE_hybrid","TYR"
"Melanocytic_Differentiation_REFERENCE_hybrid","DCT"
"Melanocytic_Differentiation_REFERENCE_hybrid","MITF"
"Melanocytic_Differentiation_REFERENCE_hybrid","SOX10"
"Melanocytic_Differentiation_REFERENCE_hybrid","TFAP2A"
"Melanocytic_Differentiation_REFERENCE_hybrid","S100B"
"Melanocytic_Differentiation_REFERENCE_hybrid","STK32A"
"Melanocytic_Differentiation_REFERENCE_hybrid","SYNGR1"
"Melanocytic_Differentiation_REFERENCE_hybrid","GTF2F2"
"Melanocytic_Differentiation_REFERENCE_hybrid","TUBB4A"
"Melanocytic_Differentiation_REFERENCE_hybrid","KCNJ13"
"Melanocytic_Differentiation_REFERENCE_hybrid","MFAP3L"
"Melanocytic_Differentiation_REFERENCE_hybrid","PAX3"
"Melanocytic_Differentiation_REFERENCE_hybrid","CABLES1"
"Melanocytic_Differentiation_REFERENCE_hybrid","PHLPP1"
"Melanocytic_Differentiation_REFERENCE_hybrid","CA14"
"Melanocytic_Differentiation_REFERENCE_hybrid","SEMA6A"
"Melanocytic_Differentiation_REFERENCE_hybrid","MYO10"
"Melanocytic_Differentiation_REFERENCE_hybrid","PPM1H"
"Melanocytic_Differentiation_REFERENCE_hybrid","ILVBL"
"Melanocytic_Differentiation_REFERENCE_hybrid","ST6GALNAC2"
"Melanocytic_Differentiation_REFERENCE_hybrid","CYP2U1"
"Melanocytic_Differentiation_REFERENCE_hybrid","PRAME"
"Melanocytic_Differentiation_REFERENCE_hybrid","SNCA"
"Melanocytic_Differentiation_REFERENCE_hybrid","GCNT2"
"Melanocytic_Differentiation_REFERENCE_hybrid","STX7"
"Melanocytic_Differentiation_REFERENCE_hybrid","IRF4"
"Melanocytic_Differentiation_REFERENCE_hybrid","ADIPOR2"
"Melanocytic_Differentiation_REFERENCE_hybrid","MXI1"
"Melanocytic_Differentiation_REFERENCE_hybrid","CEP295NL"
"Dedifferentiated_inflammatory_REFERENCE","TNFRSF10D"
"Dedifferentiated_inflammatory_REFERENCE","STK17A"
"Dedifferentiated_inflammatory_REFERENCE","IQCA1"
"Dedifferentiated_inflammatory_REFERENCE","NFYB"
"Dedifferentiated_inflammatory_REFERENCE","ID3"
"Dedifferentiated_inflammatory_REFERENCE","ADAMTS9"
"Dedifferentiated_inflammatory_REFERENCE","THBS1"
"Dedifferentiated_inflammatory_REFERENCE","SOCS3"
"Dedifferentiated_inflammatory_REFERENCE","LRIG1"
"Dedifferentiated_inflammatory_REFERENCE","LPAR1"
"Dedifferentiated_inflammatory_REFERENCE","F3"
"Dedifferentiated_inflammatory_REFERENCE","NHS"
"Dedifferentiated_inflammatory_REFERENCE","NGF"
"Dedifferentiated_inflammatory_REFERENCE","GUCY1B3"
"Dedifferentiated_inflammatory_REFERENCE","KCTD17"
"Dedifferentiated_inflammatory_REFERENCE","GFRA1"
"Dedifferentiated_inflammatory_REFERENCE","CXCL6"
"Dedifferentiated_inflammatory_REFERENCE","TSPAN13"
"Dedifferentiated_inflammatory_REFERENCE","NUAK1"
"Dedifferentiated_inflammatory_REFERENCE","ERRFI1"
"Dedifferentiated_inflammatory_REFERENCE","TMEM47"
"Dedifferentiated_inflammatory_REFERENCE","ARNTL2"
"Dedifferentiated_inflammatory_REFERENCE","GEM"
"Dedifferentiated_inflammatory_REFERENCE","DDAH1"
"Dedifferentiated_inflammatory_REFERENCE","TUBB6"
"Dedifferentiated_inflammatory_REFERENCE","FUOM"
"Dedifferentiated_inflammatory_REFERENCE","JUNB"
"Dedifferentiated_inflammatory_REFERENCE","CH25H"
"Dedifferentiated_inflammatory_REFERENCE","NNMT"
"Dedifferentiated_inflammatory_REFERENCE","MCUB"
"Dedifferentiated_inflammatory_REFERENCE","ANKRD29"
"Dedifferentiated_inflammatory_REFERENCE","PTPRN2"
"Dedifferentiated_inflammatory_REFERENCE","HIF1A"
"Dedifferentiated_inflammatory_REFERENCE","S1PR3"
"Dedifferentiated_inflammatory_REFERENCE","CHST2"
"Dedifferentiated_inflammatory_REFERENCE","CARHSP1"
"Dedifferentiated_inflammatory_REFERENCE","SNCG"
"Dedifferentiated_inflammatory_REFERENCE","CAMK1"
"Dedifferentiated_inflammatory_REFERENCE","CIB1"
"Dedifferentiated_inflammatory_REFERENCE","MCEMP1"
"Dedifferentiated_inflammatory_REFERENCE","RGS16"
"Dedifferentiated_inflammatory_REFERENCE","S100A9"
"Dedifferentiated_inflammatory_REFERENCE","S100A8"
"Dedifferentiated_inflammatory_REFERENCE","TWSG1"
"Dedifferentiated_inflammatory_REFERENCE","PXDN"
"Dedifferentiated_inflammatory_REFERENCE","CRIP1"
"Dedifferentiated_inflammatory_REFERENCE","CCL20"
"Dedifferentiated_inflammatory_REFERENCE","CXCL2"
"Dedifferentiated_inflammatory_REFERENCE","TMEM39B"
"Dedifferentiated_inflammatory_REFERENCE","CHST1"
"Dedifferentiated_inflammatory_REFERENCE","COL12A1"
"Dedifferentiated_inflammatory_REFERENCE","COL6A2"
"Dedifferentiated_inflammatory_REFERENCE","UNC5B"
"Dedifferentiated_inflammatory_REFERENCE","VCAN"
"Dedifferentiated_inflammatory_REFERENCE","CLMP"
"Dedifferentiated_inflammatory_REFERENCE","PLAUR"
"Dedifferentiated_inflammatory_REFERENCE","COL6A1"
"Dedifferentiated_inflammatory_REFERENCE","FAM20C"
"Dedifferentiated_inflammatory_REFERENCE","COL5A2"
"Dedifferentiated_inflammatory_REFERENCE","COL15A1"
"Dedifferentiated_inflammatory_REFERENCE","SH2B3"
"Dedifferentiated_inflammatory_REFERENCE","LOXL2"
"Dedifferentiated_inflammatory_REFERENCE","PLAU"
"Dedifferentiated_inflammatory_REFERENCE","EGFR"
"Dedifferentiated_inflammatory_REFERENCE","COL5A1"
"Dedifferentiated_inflammatory_REFERENCE","PRRX2"
"Dedifferentiated_inflammatory_REFERENCE","TP53I11"
"Dedifferentiated_inflammatory_REFERENCE","MRC2"
"Dedifferentiated_inflammatory_REFERENCE","NGEF"
"Dedifferentiated_inflammatory_REFERENCE","OLFML2B"
"Dedifferentiated_inflammatory_REFERENCE","FBN1"
"Dedifferentiated_inflammatory_REFERENCE","TIMP1"
"Dedifferentiated_inflammatory_REFERENCE","FOSL2"
"Dedifferentiated_inflammatory_REFERENCE","ANO1"
"Dedifferentiated_inflammatory_REFERENCE","NID2"
"Dedifferentiated_inflammatory_REFERENCE","BICC1"
"Dedifferentiated_inflammatory_REFERENCE","ZEB1"
"Dedifferentiated_inflammatory_REFERENCE","LTBP2"
"Dedifferentiated_inflammatory_REFERENCE","VDR"
"Dedifferentiated_inflammatory_REFERENCE","MYOF"
"Dedifferentiated_inflammatory_REFERENCE","IGFBP6"
"Dedifferentiated_inflammatory_REFERENCE","COL6A3"
"Dedifferentiated_inflammatory_REFERENCE","PODXL"
"Dedifferentiated_inflammatory_REFERENCE","OSMR"
"Dedifferentiated_inflammatory_REFERENCE","FST"
"Dedifferentiated_inflammatory_REFERENCE","ECE1"
"Dedifferentiated_inflammatory_REFERENCE","TPBG"
"Dedifferentiated_inflammatory_REFERENCE","C1R"
"Dedifferentiated_inflammatory_REFERENCE","ADAM19"
"Dedifferentiated_inflammatory_REFERENCE","RASA4B"
"Dedifferentiated_inflammatory_REFERENCE","COL1A1"
"Dedifferentiated_inflammatory_REFERENCE","INHBA"
"Dedifferentiated_inflammatory_REFERENCE","CSRNP1"
"Dedifferentiated_inflammatory_REFERENCE","RUNX1"
"Dedifferentiated_inflammatory_REFERENCE","CDH11"
"Dedifferentiated_inflammatory_REFERENCE","GPC6"
