relative_path,bytes,sha256
FREEZE_STATUS.txt,282,5a29a4acc8701489a0ef09d6da36aafde3309184c99ccf2357fc20723ed6aa06
README.md,2684,82e08761e425a9787840272039cbaf828aec49e64daab1ea2e07976bcdb9e4bc
audit/01_RAW_PLATFORM_AUDIT.csv,1060,2580c164e53dbab48de9a509650c4234a11be2b731d0c57ba6464ed93fa0282a
audit/02_QUERY_BUNDLE_INVENTORY_SHA256.csv,11699,9fb1913f580bca9281a35da002600da45dfb7272920cfb8753a8502a405dd70b
audit/03_QUERY_GENESET_CONSISTENCY.csv,1168,08e2918f1e07598c18542dca8ef466d0c97885a7b562c53619e020ae2f8365b7
audit/04_FINAL_QUERY_CONTRACT.csv,668,9c09757aa6c494d2a4d689d7a09d5b48e6729f44cc003df214110edc8fd9563c
audit/05_HISTORICAL_REFERENCE_INVENTORY.csv,1969,4fea05404e096e3295b10883bf374da44b07bb46e3d58b882da75b27d65511b3
audit/06_HISTORICAL_NUMERIC_CONTRACT_AUDIT.csv,500,dc0e72342c85a9bf600fbca4c52fb25c487a19eee7f1d6c1f74dd6a429930fdf
audit/07_HISTORICAL_ARCHIVE_CROSSCHECK.csv,187,f29024c69b7eb8c4ce51c3649a9ab92222f3cac6e1359fcd903bc9f63d1d2413
audit/08_INPUT_FREEZE_GATES.csv,997,2a2adb4d4e2c37ee1d75902742a55562ea8f82a38326aee8e54cab6728876d20
audit/09_SOURCE_ARCHIVE_PROVENANCE.csv,490,fd69411547a6b2509463552368ea8851fb2c084fd539136e2cc740ab17dd8395
data/historical_reference/ICBcomb_reversal_analysis/ICBcomb_combined_raw_results_CLEAN.csv,31643,426dcef7228e4cf42cfa075e86c0c2b4c75849538a43d38cd38479485f5f898b
data/historical_reference/ICBcomb_reversal_analysis/ICBcomb_positive_reversal_rows_CLEAN.csv,29508,b11dd1f9458565c110f2b0e10d904c40ded944985c89d932d7bdc04b0d3b3ab8
data/historical_reference/ICBcomb_reversal_analysis/ICBcomb_query_gene_set_counts_CLEAN.csv,350,e8602acd1cd70ede71cf3aa88c47edc992f1bd28b7ea7ddb0eede7d325930de1
data/historical_reference/ICBcomb_reversal_analysis/ICBcomb_query_gene_set_counts_FINAL_LOCKED.csv,350,86627fa0fa23b075720606b2b883da5a102b412e7391a2fb144582ecb8a88a23
data/historical_reference/ICBcomb_reversal_analysis/ICBcomb_raw_input_audit.csv,432,ad392823969ae9c025ce88045b52b780bf1b048c17acf66019710e475f6c21fe
data/historical_reference/ICBcomb_reversal_analysis/ICBcomb_raw_input_audit_CLEAN.csv,597,9653d888d366fab01de97bec0db7e6974491e59ce5faa580357e2c56ddb2b659
data/historical_reference/ICBcomb_reversal_analysis/ICBcomb_state_file_summary_CLEAN.csv,575,93504783d370c588c002c53c000820756eb3eddbd76d6b3c7f1661abb390c07e
data/historical_reference/ICBcomb_reversal_analysis/ICBcomb_state_level_maximum_positive_reversal_signal_FOR_FIGURE7D_CLEAN.csv,328,30756dfbf08833f7c7056b48934302ef789395d716b785db3eeb48931f7d1afe
data/historical_reference/ICBcomb_reversal_analysis/ICBcomb_state_level_maximum_positive_reversal_signal_FOR_FIGURE8D_FINAL_LOCKED.csv,328,3d88c1133a7c337f594d98638a661fc1695d1efb913eba68132257f46c46d4bd
data/historical_reference/ICBcomb_reversal_analysis/ICBcomb_state_strategy_summary_CLEAN.csv,2611,c384f138f44a6a63124abd6c56b061723d6c056ace02cf0872fdd9ce01ac1c77
data/historical_reference/ICBcomb_reversal_analysis/ICBcomb_strategy_mapping_audit_CLEAN.csv,16908,b71165adf41c3fbc97240e0d546e30045fae2baa4e2753a8668273fe9c54ce3c
data/historical_reference/ICBcomb_reversal_analysis/ICBcomb_strategy_state_heatmap_table_FOR_FIGURE7C_CLEAN.csv,1211,a3a015af393ca013953bc5a36fe222179b9636318f4449f7416c4bcda4674be4
data/historical_reference/ICBcomb_reversal_analysis/ICBcomb_strategy_state_heatmap_table_FOR_FIGURE8C_FINAL_LOCKED.csv,1211,ea0de07801715834a3d9b7b68975d5ec1afa9983bbc197c20266699f95617dc1
data/historical_reference/ICBcomb_reversal_analysis/ICBcomb_top_positive_reversal_strategies_FOR_FIGURE7B_CLEAN.csv,2611,c384f138f44a6a63124abd6c56b061723d6c056ace02cf0872fdd9ce01ac1c77
data/historical_reference/ICBcomb_reversal_analysis/ICBcomb_top_positive_reversal_strategies_FOR_FIGURE8B_FINAL_LOCKED.csv,1218,46b7cf24daf97e88dfe9d0257d0e087dea5d3c41c1c570768ce0e19f5aafcf3c
data/historical_reference/ICBcomb_reversal_analysis/Supplementary_ICBcomb_mapping_state_audit_from_clean_tables.csv,270,53c808ff9369b75fa1a5cde7464ddff29423375e01b50bd3c617beb8bcc69ca8
data/query_gene_set_bundle/00_audit/GSE244982_bulk_matrix_audit_CLEAN.csv,107,b479994514508fdbc0da9810e38bceb068a5b0fd8513f010d4489a023740e4da
data/query_gene_set_bundle/00_audit/core_signature_gene_counts_CLEAN.csv,228,70c1990ae1a113d7e3dd3fcb0488dff1eaa6d07a5db384420cf073e8f81f1d2e
data/query_gene_set_bundle/00_audit/fixed_four_state_name_mapping_CLEAN.csv,566,ec7c7d6a9f4616d9d9f6be9d800bcb4abaadfad232639240c30c57739db39ec4
data/query_gene_set_bundle/00_audit/gene_presence_Antigen_presentation.csv,435,fde9854571abba33d5214ebe20e29a7df39185b9351aed81db5719244e9c4e71
data/query_gene_set_bundle/00_audit/gene_presence_Cytotoxic_T_cell.csv,385,629c37b592cf078a973a34d7ee3b74f88db8400b1efc5d686a4d5e2f75f321a4
data/query_gene_set_bundle/00_audit/gene_presence_IFN_response.csv,401,4344863a1bf543f863fddac388a1cb3eab2cb2ff4ab3d1d000c0a346f0631fb9
data/query_gene_set_bundle/00_audit/gene_presence_Melanocytic_differentiation.csv,288,822996682ffbfda4c490d5bb5dc89308c91319bb81575bb88fd2480990069c3c
data/query_gene_set_bundle/00_audit/gene_presence_Myeloid_inflammatory.csv,475,74e16a844f3c6736ee0a949ae6f1167b282c4bc4f28adf15f83240a27dc9dc6a
data/query_gene_set_bundle/00_audit/gene_presence_Treg_immunoregulatory.csv,374,96a7f34a99989354bf1d012fc1c021ffa30572770ae47db532ea82c603b53f17
data/query_gene_set_bundle/00_audit/gene_presence_Tumor_plasticity_dedifferentiation.csv,579,47735d2ecb51b91bbb2533ad2b127adcc5e9d1ab2db5ebb012a708b4e963be6f
data/query_gene_set_bundle/00_audit/reproducibility_manifest_CLEAN.csv,700,e7183c930c9257eae67f476b1632774d34a2404e562fc25e48d989e87a649edb
data/query_gene_set_bundle/00_audit/sessionInfo_CLEAN.txt,1317,df873c225dad8e4a78b8ce45350d46db08e722c80bd9c6cbced875c66dc4df4e
data/query_gene_set_bundle/01_state_associated_genes/GSE244982_state_associated_UP_DOWN_gene_sets_CLEAN.gmt,5530,3f5f9e094094810776faef506820ae6223abc599ce92ba6ae3fc249380c43363
data/query_gene_set_bundle/01_state_associated_genes/GSE244982_state_associated_gene_screen_summary_CLEAN.csv,281,10aa4e9302249829a366d351da8e48f89a99fa523b986c452b2ebeb6cc86ac81
data/query_gene_set_bundle/01_state_associated_genes/Immune_defective_Cold_DOWN_genes.csv,7000,0bf693067bb7d7443eb035be39453fe541fafd1e2e0b9095f9a3655ee4340023
data/query_gene_set_bundle/01_state_associated_genes/Immune_defective_Cold_DOWN_genes.txt,697,ebbbf383f04bf3c7fb9e4db3dc329fd059d01983f01a0f072e8bddbc20eab37f
data/query_gene_set_bundle/01_state_associated_genes/Immune_defective_Cold_UP_genes.csv,6963,bb7177bb05d5e08209423827972a6713d6c0034b472c874009485e0327bdcada
data/query_gene_set_bundle/01_state_associated_genes/Immune_defective_Cold_UP_genes.txt,749,1715c8e384d8f08ba8a2672ceddf7974f09dcfb62cd7e629f13fc834ff116e8e
data/query_gene_set_bundle/01_state_associated_genes/Immune_defective_Cold_gene_correlation_full.csv,1161720,eac9bb537a74fe01e4e52cc274f3807e438ce200f141787e4fa06b16394e7b52
data/query_gene_set_bundle/01_state_associated_genes/Melanocytic_Differentiation_DOWN_genes.csv,7025,2cd3d933611f9ee03ae2ceca478105859ff38236ba099d392d9b5f4a3dae7947
data/query_gene_set_bundle/01_state_associated_genes/Melanocytic_Differentiation_DOWN_genes.txt,721,681b5f546cd9b203f76fa4e322368ea766d0b23f32ff1abbc275a7fe81e978da
data/query_gene_set_bundle/01_state_associated_genes/Melanocytic_Differentiation_UP_genes.csv,6935,01128c65f36fdf3cf4ff5f5cdbd628d9da2a74c73378c38f2afb339049a3953c
data/query_gene_set_bundle/01_state_associated_genes/Melanocytic_Differentiation_UP_genes.txt,731,2d27380a96264f303617a88352c3f6f7d32912c037dadf2ca76b19310d39616f
data/query_gene_set_bundle/01_state_associated_genes/Melanocytic_Differentiation_gene_correlation_full.csv,1159382,39ea73b495bf34dc8c535a76ef062fe1bedb4cc02229c2a8862ecfed9ade2c3a
data/query_gene_set_bundle/01_state_associated_genes/Myeloid_Treg_Immunosuppressive_DOWN_genes.csv,7054,efc14785f88237a4c7ac96a0eca8133b0e90ec6a9c5200941f4d025f5c939a6b
data/query_gene_set_bundle/01_state_associated_genes/Myeloid_Treg_Immunosuppressive_DOWN_genes.txt,747,5f46161da7ea69872eef0947ed68573bf7cc542b067b9c3a9c029d4db0c7a326
data/query_gene_set_bundle/01_state_associated_genes/Myeloid_Treg_Immunosuppressive_UP_genes.csv,6917,f77fba6b94a1981a3ff66b18e3faf401e21ed059fba16173215038294a52806d
data/query_gene_set_bundle/01_state_associated_genes/Myeloid_Treg_Immunosuppressive_UP_genes.txt,715,930d7fa95d295ec7ddee5e96c1bca5f06af366358a72eacbdc0f1eedd0186017
data/query_gene_set_bundle/01_state_associated_genes/Myeloid_Treg_Immunosuppressive_gene_correlation_full.csv,1170337,403ccb50014a21ed041da76e497d1ba4c764069991014e3adc64f9f149cbeac8
data/query_gene_set_bundle/01_state_associated_genes/Tumor_dedifferentiation_Stromal_remodeling_DOWN_genes.csv,7062,96dba1c07a46e6bf2de80a1d1739184c06570a5717c57d99eba9b80540ec5b64
data/query_gene_set_bundle/01_state_associated_genes/Tumor_dedifferentiation_Stromal_remodeling_DOWN_genes.txt,757,cfc6ab337b93d6700b9d88b1e1c389f231a7d1b523de6199f4e04506e2838735
data/query_gene_set_bundle/01_state_associated_genes/Tumor_dedifferentiation_Stromal_remodeling_UP_genes.csv,6909,cdaffe30e0052d939942492050c5dc328c97d007ef4221f601f4666a8cefb338
data/query_gene_set_bundle/01_state_associated_genes/Tumor_dedifferentiation_Stromal_remodeling_UP_genes.txt,709,453359c7f516fdc60aa23be6d8cd0f3a8e324754731eeb7a8a5e6cbbbee816eb
data/query_gene_set_bundle/01_state_associated_genes/Tumor_dedifferentiation_Stromal_remodeling_gene_correlation_full.csv,1156152,4488a5fa2fb6e9d87b2540fb1d32de23576d53fe8b59f5eeecddbfee95e07ff5
data/query_gene_set_bundle/02_final_ICBcomb_gene_sets/Dedifferentiated_inflammatory_REFERENCE.txt,676,ed2cd690725d1603c58b0b4aa02d9ca8083e90bc7d00086458e4eefdba80f956
data/query_gene_set_bundle/02_final_ICBcomb_gene_sets/Immune_defective_Cold_RESTORE_curated.txt,236,356c787be1b62b56e69dba8782852c6bb7d2d410bb64a03ac87094988a563f5f
data/query_gene_set_bundle/02_final_ICBcomb_gene_sets/Immune_defective_Cold_RESTORE_data_driven.txt,697,ebbbf383f04bf3c7fb9e4db3dc329fd059d01983f01a0f072e8bddbc20eab37f
data/query_gene_set_bundle/02_final_ICBcomb_gene_sets/Immune_defective_Cold_RESTORE_hybrid.txt,674,ba65f29d1a2f8c01185561f8a6a8417ef88cc71ffc29490fb44a886751911736
data/query_gene_set_bundle/02_final_ICBcomb_gene_sets/Melanocytic_Differentiation_REFERENCE_curated.txt,51,06a85f78d270d4f091a4ebba145181fcfe1319ebd920b331b84d2fb002cf0181
data/query_gene_set_bundle/02_final_ICBcomb_gene_sets/Melanocytic_Differentiation_REFERENCE_data_driven.txt,731,2d27380a96264f303617a88352c3f6f7d32912c037dadf2ca76b19310d39616f
data/query_gene_set_bundle/02_final_ICBcomb_gene_sets/Melanocytic_Differentiation_REFERENCE_hybrid.txt,234,ba43ca4d7811e552a5e55f14b4e3b01c5dce360b1d03feb4baf601d4ae03e086
data/query_gene_set_bundle/02_final_ICBcomb_gene_sets/Myeloid_Treg_Immunosuppressive_SUPPRESS_curated.txt,238,f3e7be4c8cf04060d4607b02ab41a4ba52a93988e2a37d4b1c08d48d2032cc22
data/query_gene_set_bundle/02_final_ICBcomb_gene_sets/Myeloid_Treg_Immunosuppressive_SUPPRESS_data_driven.txt,715,930d7fa95d295ec7ddee5e96c1bca5f06af366358a72eacbdc0f1eedd0186017
data/query_gene_set_bundle/02_final_ICBcomb_gene_sets/Myeloid_Treg_Immunosuppressive_SUPPRESS_hybrid.txt,517,3ed4e8246141c11096df432dd563644ff4272204aaeab26a9c05d9f319c14d62
data/query_gene_set_bundle/02_final_ICBcomb_gene_sets/Tumor_dedifferentiation_Stromal_remodeling_SUPPRESS_curated.txt,270,2fb23f911e17743c126dcc802ce7b91f9ba24fccc2dac6f26367c0f0fb34a62d
data/query_gene_set_bundle/02_final_ICBcomb_gene_sets/Tumor_dedifferentiation_Stromal_remodeling_SUPPRESS_data_driven.txt,709,453359c7f516fdc60aa23be6d8cd0f3a8e324754731eeb7a8a5e6cbbbee816eb
data/query_gene_set_bundle/02_final_ICBcomb_gene_sets/Tumor_dedifferentiation_Stromal_remodeling_SUPPRESS_hybrid.txt,559,17054c8d705ee2a5f512694c9b190d835bcc83698fb56f966ebab92f0e8800da
data/query_gene_set_bundle/02_final_ICBcomb_gene_sets/final_ICBcomb_gene_set_summary_CLEAN.csv,730,28d9d7e7516eab42b96359d3e96e5af5bd80bcf259960ab7ddb40d96145925a4
data/query_gene_set_bundle/02_final_ICBcomb_gene_sets/final_ICBcomb_gene_sets_CLEAN.gmt,6530,ed82b2ce523fd7fdb51ce9812ea01a9d90326e8bbfeca3af8c484fef3c5ab870
data/query_gene_set_bundle/02_final_ICBcomb_gene_sets/final_ICBcomb_gene_sets_CLEAN_long_format.csv,53643,fa7a5f8de22a7f4f6d8e5b5bf134e7cff38229182f16655a5a3aac2b137ecf7e
data/query_gene_set_bundle/02_final_ICBcomb_gene_sets/final_ICBcomb_upload_manifest_CLEAN.csv,2799,16a2737e5f93fbee163efd494caa1a04469b0f036162882f1f1cf703f254c73c
data/query_gene_set_bundle/GSE244982_bulk_core_signature_scores_CLEAN.csv,5459,72852b7629ad244c8be5912d7a06e6dfa6436a57ff11d49076adbfa63d6d9e5a
data/query_gene_set_bundle/GSE244982_final_four_ICB_state_scores_CLEAN.csv,4813,b82ffeaa210cfa2153cc7cd0c099a83eaad73d593850973a50a6dd844a8803cf
data/query_gene_set_bundle/GSE244982_final_four_ICB_state_scores_CLEAN.rds,1794,a6dc6581be61ca37868c6b8e35d7a422d5e4e7534aae09744cd9bd138d068613
data/query_gene_set_bundle/state_associated_genes_set.zip,1476755,2ad5374de4c41a102fdd4c4c32bda145b9e19f7bdf3fe2bea2b8d8a513ea0722
data/raw_platform_results/ICBcomb_Immune_cold_RESTORE_hybrid_results.csv,7703,693d1dce91ba4ace415854b605f5e6d048d5080b65e79169a1435e603f442269
data/raw_platform_results/ICBcomb_Myeloid_Treg_SUPPRESS_hybrid_results.csv,7487,aa7ffa55d2038645da35befe29adbcdd4e93a5aba494e8fa7de2e622c3668b80
data/raw_platform_results/ICBcomb_Tumor_dedifferentiation_SUPPRESS_hybrid_results.csv,7457,6f2bea06a67bc7e18f0fd4f888f2c1e17a6ce1f11ca5eee832fb178c4e1d632f
validate_ICBcomb_INPUT_FREEZE_v1.0.R,1461,5ddfd057552510841e97f6245e16d65bb582c781ca1f19bb773daa8834c8a54a
